student_id,concept_id,timestamp,correct,response_time_seconds
student_07,c01,2026-06-08 20:24:00,1,40.1
student_07,c01,2026-06-08 20:26:00,1,47.0
student_15,c01,2026-06-08 21:43:00,1,32.0
student_08,c01,2026-06-08 21:56:00,0,45.0
student_08,c01,2026-06-08 21:58:00,1,33.7
student_05,c01,2026-06-08 22:13:00,1,45.8
student_05,c01,2026-06-08 22:16:00,1,18.4
student_05,c01,2026-06-08 22:19:00,0,57.5
student_16,c01,2026-06-09 00:22:00,1,28.0
student_16,c01,2026-06-09 00:25:00,1,46.4
student_16,c01,2026-06-09 00:28:00,1,47.9
student_03,c01,2026-06-09 00:29:00,0,41.2
student_13,c01,2026-06-09 03:26:00,1,26.3
student_13,c01,2026-06-09 03:30:00,1,23.0
student_11,c01,2026-06-09 03:37:00,1,40.9
student_04,c01,2026-06-09 04:03:00,0,57.2
student_04,c01,2026-06-09 04:05:00,0,27.1
student_01,c01,2026-06-09 04:08:00,1,36.3
student_14,c01,2026-06-09 05:40:00,1,40.9
student_17,c01,2026-06-09 07:01:00,1,34.7
student_17,c01,2026-06-09 18:37:00,0,44.4
student_17,c01,2026-06-09 18:40:00,1,30.7
student_17,c01,2026-06-09 18:44:00,1,24.9
student_04,c01,2026-06-09 18:54:00,0,47.4
student_04,c01,2026-06-09 18:56:00,1,32.6
student_16,c01,2026-06-09 19:53:00,1,18.6
student_19,c01,2026-06-09 19:53:00,0,32.4
student_13,c01,2026-06-09 20:18:00,1,31.6
student_13,c01,2026-06-09 20:21:00,1,50.4
student_03,c01,2026-06-09 20:25:00,1,29.0
student_05,c01,2026-06-09 22:30:00,1,14.5
student_05,c01,2026-06-09 22:32:00,1,26.3
student_08,c01,2026-06-10 00:03:00,1,27.4
student_01,c01,2026-06-10 00:04:00,1,30.3
student_08,c01,2026-06-10 00:06:00,1,36.9
student_01,c01,2026-06-10 00:07:00,0,75.5
student_08,c01,2026-06-10 00:09:00,1,45.4
student_12,c01,2026-06-10 01:55:00,1,53.1
student_11,c01,2026-06-10 03:08:00,1,35.1
student_15,c01,2026-06-10 05:07:00,1,37.6
student_15,c01,2026-06-10 05:11:00,1,31.7
student_08,c01,2026-06-10 18:08:00,1,23.3
student_08,c01,2026-06-10 18:11:00,1,40.1
student_14,c01,2026-06-10 18:33:00,0,45.2
student_14,c01,2026-06-10 18:36:00,0,24.2
student_14,c01,2026-06-10 18:39:00,0,9.2
student_10,c01,2026-06-10 22:26:00,0,19.6
student_03,c01,2026-06-10 22:30:00,1,23.4
student_13,c01,2026-06-11 02:10:00,1,26.7
student_07,c01,2026-06-11 03:09:00,1,38.6
student_07,c01,2026-06-11 03:13:00,1,32.2
student_05,c01,2026-06-11 05:11:00,1,29.0
student_01,c01,2026-06-11 05:29:00,1,33.7
student_03,c02,2026-06-11 18:06:00,1,31.5
student_03,c02,2026-06-11 18:10:00,0,41.9
student_03,c02,2026-06-11 18:12:00,1,22.4
student_08,c02,2026-06-11 18:34:00,1,41.3
student_08,c01,2026-06-11 18:35:00,0,61.5
student_08,c01,2026-06-11 18:38:00,1,42.4
student_08,c01,2026-06-11 18:41:00,1,31.5
student_07,c02,2026-06-11 20:36:00,0,72.1
student_07,c01,2026-06-11 20:36:00,0,44.4
student_07,c02,2026-06-11 20:39:00,0,85.1
student_01,c02,2026-06-11 23:40:00,1,31.2
student_01,c02,2026-06-11 23:43:00,1,48.6
student_09,c01,2026-06-11 23:58:00,1,45.5
student_09,c01,2026-06-12 00:02:00,1,26.4
student_20,c01,2026-06-12 00:35:00,0,37.3
student_20,c01,2026-06-12 00:39:00,0,32.9
student_12,c02,2026-06-12 02:07:00,0,38.8
student_12,c01,2026-06-12 02:07:00,0,33.9
student_12,c01,2026-06-12 02:11:00,0,38.8
student_12,c01,2026-06-12 02:13:00,0,31.7
student_15,c01,2026-06-12 02:55:00,1,50.0
student_15,c02,2026-06-12 02:56:00,1,50.0
student_15,c01,2026-06-12 02:59:00,1,35.1
student_15,c02,2026-06-12 02:59:00,1,24.7
student_15,c01,2026-06-12 03:01:00,1,39.2
student_05,c01,2026-06-12 03:05:00,1,45.2
student_05,c02,2026-06-12 03:05:00,1,43.2
student_05,c01,2026-06-12 03:07:00,1,28.2
student_05,c02,2026-06-12 03:08:00,1,52.3
student_19,c01,2026-06-12 05:24:00,0,40.5
student_19,c02,2026-06-12 05:25:00,0,56.4
student_19,c02,2026-06-12 05:27:00,0,57.9
student_19,c01,2026-06-12 05:28:00,1,30.4
student_19,c02,2026-06-12 05:30:00,1,40.7
student_19,c01,2026-06-12 05:31:00,1,25.6
student_17,c02,2026-06-12 06:27:00,1,30.6
student_17,c01,2026-06-12 06:28:00,1,38.5
student_17,c01,2026-06-12 06:30:00,1,42.6
student_17,c02,2026-06-12 06:31:00,1,35.8
student_17,c02,2026-06-12 06:34:00,0,25.8
student_11,c01,2026-06-12 06:55:00,0,50.7
student_11,c02,2026-06-12 06:56:00,1,30.7
student_11,c01,2026-06-12 06:58:00,1,45.5
student_14,c01,2026-06-12 06:58:00,1,50.6
student_14,c02,2026-06-12 06:58:00,1,26.3
student_14,c02,2026-06-12 07:02:00,1,36.7
student_03,c02,2026-06-12 20:44:00,1,25.4
student_05,c02,2026-06-12 21:37:00,1,31.8
student_05,c01,2026-06-12 21:38:00,1,14.0
student_18,c01,2026-06-12 22:51:00,1,33.9
student_19,c01,2026-06-12 23:34:00,1,31.9
student_19,c02,2026-06-12 23:35:00,0,43.4
student_19,c01,2026-06-12 23:37:00,1,26.1
student_04,c01,2026-06-12 23:45:00,0,35.3
student_04,c02,2026-06-12 23:46:00,1,34.4
student_04,c02,2026-06-12 23:48:00,1,44.0
student_14,c01,2026-06-13 00:08:00,1,36.4
student_14,c01,2026-06-13 00:11:00,1,40.3
student_14,c01,2026-06-13 00:13:00,1,41.9
student_11,c01,2026-06-13 00:58:00,1,34.7
student_11,c02,2026-06-13 00:59:00,1,26.1
student_17,c01,2026-06-13 01:20:00,1,31.8
student_17,c02,2026-06-13 01:21:00,1,30.6
student_13,c01,2026-06-13 02:12:00,1,42.0
student_13,c02,2026-06-13 02:12:00,0,64.9
student_13,c01,2026-06-13 02:15:00,1,24.8
student_15,c02,2026-06-13 03:37:00,1,24.2
student_15,c02,2026-06-13 03:41:00,1,35.7
student_08,c01,2026-06-13 03:59:00,1,49.3
student_08,c02,2026-06-13 04:00:00,0,58.9
student_08,c01,2026-06-13 04:02:00,1,41.4
student_08,c02,2026-06-13 04:03:00,0,22.2
student_08,c02,2026-06-13 04:05:00,1,31.6
student_16,c02,2026-06-13 04:08:00,1,49.9
student_16,c01,2026-06-13 04:08:00,1,30.3
student_16,c02,2026-06-13 04:10:00,1,31.5
student_16,c01,2026-06-13 04:10:00,1,43.0
student_16,c01,2026-06-13 04:13:00,0,32.5
student_01,c02,2026-06-13 05:05:00,1,16.9
student_01,c01,2026-06-13 05:05:00,1,18.5
student_01,c02,2026-06-13 05:08:00,1,40.5
student_01,c02,2026-06-13 05:11:00,1,30.5
student_10,c02,2026-06-13 19:06:00,1,43.4
student_10,c02,2026-06-13 19:10:00,1,38.6
student_16,c01,2026-06-13 19:34:00,1,56.8
student_16,c02,2026-06-13 19:34:00,1,32.5
student_16,c02,2026-06-13 19:37:00,0,41.1
student_12,c01,2026-06-13 20:30:00,1,48.9
student_06,c01,2026-06-13 20:56:00,1,25.1
student_05,c02,2026-06-13 20:57:00,0,70.3
student_05,c01,2026-06-13 20:57:00,1,40.2
student_05,c02,2026-06-13 20:59:00,1,30.2
student_14,c01,2026-06-13 20:59:00,1,41.1
student_14,c02,2026-06-13 20:59:00,1,40.3
student_05,c01,2026-06-13 21:00:00,1,14.3
student_14,c01,2026-06-13 21:01:00,0,61.2
student_01,c01,2026-06-13 21:11:00,1,41.5
student_01,c02,2026-06-13 21:12:00,1,14.2
student_01,c01,2026-06-13 21:15:00,1,34.7
student_01,c02,2026-06-13 21:15:00,1,35.1
student_01,c02,2026-06-13 21:17:00,1,27.8
student_13,c01,2026-06-13 23:35:00,1,37.5
student_13,c02,2026-06-13 23:35:00,1,29.5
student_13,c02,2026-06-13 23:39:00,0,37.4
student_13,c02,2026-06-13 23:42:00,1,59.9
student_15,c01,2026-06-14 01:15:00,1,20.7
student_15,c02,2026-06-14 01:16:00,1,52.4
student_15,c01,2026-06-14 01:18:00,1,8.0
student_08,c02,2026-06-14 01:20:00,1,36.3
student_08,c01,2026-06-14 01:21:00,1,39.1
student_08,c01,2026-06-14 01:23:00,1,35.0
student_08,c01,2026-06-14 01:26:00,1,31.4
student_03,c01,2026-06-14 01:51:00,1,37.2
student_03,c02,2026-06-14 01:52:00,1,32.2
student_03,c01,2026-06-14 01:54:00,1,41.5
student_03,c02,2026-06-14 01:55:00,1,52.2
student_11,c02,2026-06-14 02:14:00,1,40.1
student_11,c02,2026-06-14 02:17:00,1,19.8
student_17,c01,2026-06-14 02:42:00,1,20.2
student_18,c01,2026-06-14 04:59:00,0,30.1
student_18,c02,2026-06-14 04:59:00,1,39.7
student_18,c01,2026-06-14 05:01:00,0,68.5
student_18,c02,2026-06-14 05:02:00,0,77.5
student_18,c02,2026-06-14 05:04:00,1,49.8
student_18,c01,2026-06-14 05:05:00,1,40.7
student_09,c03,2026-06-14 19:42:00,1,35.8
student_09,c02,2026-06-14 19:42:00,1,41.0
student_09,c01,2026-06-14 19:43:00,1,29.5
student_09,c03,2026-06-14 19:46:00,0,56.6
student_09,c02,2026-06-14 19:46:00,1,41.2
student_09,c02,2026-06-14 19:48:00,1,29.5
student_03,c01,2026-06-14 20:21:00,0,5.3
student_03,c02,2026-06-14 20:21:00,0,48.7
student_03,c03,2026-06-14 20:21:00,1,28.3
student_12,c03,2026-06-14 21:28:00,1,22.0
student_12,c02,2026-06-14 21:29:00,0,50.5
student_12,c02,2026-06-14 21:32:00,0,46.2
student_15,c02,2026-06-14 21:48:00,1,48.1
student_15,c01,2026-06-14 21:49:00,1,30.5
student_17,c02,2026-06-14 21:56:00,0,46.3
student_17,c03,2026-06-14 21:57:00,1,34.2
student_17,c03,2026-06-14 21:59:00,1,14.7
student_17,c02,2026-06-14 22:00:00,1,45.2
student_17,c02,2026-06-14 22:03:00,0,44.8
student_06,c03,2026-06-14 22:57:00,1,30.7
student_06,c02,2026-06-14 22:57:00,0,33.6
student_06,c03,2026-06-14 22:59:00,1,39.7
student_07,c01,2026-06-14 23:45:00,1,8.0
student_07,c03,2026-06-14 23:45:00,1,46.2
student_05,c02,2026-06-14 23:48:00,1,41.8
student_05,c03,2026-06-14 23:48:00,1,38.7
student_05,c01,2026-06-14 23:49:00,1,42.9
student_07,c01,2026-06-14 23:49:00,1,34.7
student_05,c03,2026-06-14 23:51:00,1,46.0
student_08,c03,2026-06-14 23:51:00,0,61.8
student_05,c02,2026-06-14 23:52:00,0,43.3
student_05,c02,2026-06-14 23:54:00,1,31.1
student_11,c03,2026-06-15 03:00:00,0,21.5
student_11,c02,2026-06-15 03:01:00,1,32.4
student_11,c03,2026-06-15 03:04:00,0,62.5
student_11,c03,2026-06-15 03:07:00,1,24.6
student_02,c01,2026-06-15 04:14:00,1,40.4
student_02,c01,2026-06-15 04:16:00,1,27.6
student_02,c01,2026-06-15 04:19:00,1,24.9
student_10,c03,2026-06-15 05:31:00,0,46.2
student_10,c01,2026-06-15 05:31:00,0,41.2
student_10,c03,2026-06-15 05:35:00,1,39.3
student_10,c03,2026-06-15 05:38:00,0,60.5
student_19,c01,2026-06-15 06:10:00,1,37.0
student_15,c03,2026-06-15 21:41:00,1,28.5
student_15,c01,2026-06-15 21:41:00,1,20.1
student_15,c02,2026-06-15 21:41:00,0,62.7
student_01,c03,2026-06-16 00:24:00,1,34.1
student_01,c01,2026-06-16 00:24:00,1,48.6
student_01,c02,2026-06-16 00:25:00,1,36.7
student_01,c03,2026-06-16 00:27:00,0,42.3
student_01,c01,2026-06-16 00:28:00,1,46.7
student_01,c01,2026-06-16 00:31:00,1,22.9
student_16,c02,2026-06-16 01:12:00,1,31.0
student_16,c01,2026-06-16 01:12:00,1,31.3
student_16,c02,2026-06-16 01:14:00,0,19.9
student_16,c01,2026-06-16 01:15:00,1,59.9
student_16,c01,2026-06-16 01:18:00,1,30.7
student_13,c03,2026-06-16 01:21:00,1,51.3
student_13,c02,2026-06-16 01:21:00,1,57.6
student_13,c01,2026-06-16 01:22:00,1,31.6
student_13,c01,2026-06-16 01:24:00,1,19.6
student_13,c02,2026-06-16 01:24:00,1,29.9
student_13,c02,2026-06-16 01:28:00,1,39.1
student_08,c02,2026-06-16 02:39:00,1,39.6
student_08,c03,2026-06-16 02:39:00,1,47.4
student_08,c01,2026-06-16 02:40:00,1,47.8
student_08,c02,2026-06-16 02:42:00,0,47.7
student_08,c03,2026-06-16 02:43:00,1,49.6
student_08,c02,2026-06-16 02:46:00,1,32.2
student_03,c01,2026-06-16 03:13:00,1,39.5
student_03,c03,2026-06-16 03:14:00,0,56.2
student_03,c03,2026-06-16 03:16:00,0,79.2
student_03,c03,2026-06-16 03:20:00,1,42.4
student_10,c01,2026-06-16 04:28:00,1,28.2
student_10,c02,2026-06-16 04:28:00,1,29.7
student_10,c03,2026-06-16 04:29:00,1,17.3
student_10,c03,2026-06-16 04:31:00,1,44.5
student_10,c02,2026-06-16 04:32:00,1,17.9
student_14,c02,2026-06-16 06:26:00,1,20.4
student_14,c02,2026-06-16 06:28:00,1,40.3
student_14,c02,2026-06-16 06:31:00,1,48.5
student_14,c02,2026-06-16 18:29:00,1,33.2
student_14,c01,2026-06-16 18:30:00,0,36.3
student_14,c03,2026-06-16 18:30:00,1,56.0
student_14,c02,2026-06-16 18:32:00,1,25.2
student_14,c03,2026-06-16 18:32:00,1,26.4
student_06,c03,2026-06-16 20:02:00,0,62.5
student_06,c03,2026-06-16 20:04:00,1,30.5
student_06,c03,2026-06-16 20:08:00,0,33.6
student_16,c03,2026-06-16 20:40:00,0,46.1
student_16,c01,2026-06-16 20:40:00,0,72.9
student_16,c02,2026-06-16 20:41:00,1,40.6
student_16,c01,2026-06-16 20:43:00,1,39.1
student_16,c03,2026-06-16 20:44:00,1,47.8
student_16,c03,2026-06-16 20:46:00,0,27.1
student_15,c03,2026-06-16 22:01:00,0,60.6
student_07,c01,2026-06-16 22:13:00,1,22.7
student_07,c02,2026-06-16 22:14:00,1,29.4
student_07,c02,2026-06-16 22:16:00,0,67.8
student_07,c02,2026-06-16 22:20:00,0,41.5
student_19,c03,2026-06-16 22:48:00,1,43.5
student_19,c01,2026-06-16 22:48:00,1,18.7
student_19,c01,2026-06-16 22:50:00,1,30.6
student_11,c03,2026-06-17 00:09:00,1,33.5
student_17,c03,2026-06-17 01:22:00,1,26.1
student_17,c02,2026-06-17 01:22:00,1,39.7
student_17,c03,2026-06-17 01:25:00,1,51.9
student_17,c02,2026-06-17 01:26:00,1,35.4
student_17,c03,2026-06-17 01:29:00,0,52.4
student_05,c01,2026-06-17 01:42:00,1,28.9
student_05,c03,2026-06-17 01:42:00,1,53.1
student_09,c02,2026-06-17 06:09:00,1,24.0
student_09,c01,2026-06-17 06:10:00,1,36.4
student_09,c03,2026-06-17 06:10:00,1,29.3
student_03,c02,2026-06-17 06:26:00,1,40.1
student_03,c03,2026-06-17 06:26:00,1,27.2
student_03,c01,2026-06-17 06:26:00,0,27.8
student_03,c02,2026-06-17 06:28:00,1,22.6
student_03,c01,2026-06-17 06:29:00,0,40.5
student_13,c01,2026-06-17 19:47:00,1,31.4
student_13,c02,2026-06-17 19:48:00,1,41.4
student_13,c04,2026-06-17 19:48:00,0,55.6
student_13,c03,2026-06-17 19:48:00,0,72.8
student_13,c02,2026-06-17 19:50:00,1,40.8
student_13,c03,2026-06-17 19:50:00,1,50.8
student_13,c01,2026-06-17 19:51:00,1,37.9
student_13,c04,2026-06-17 19:51:00,1,38.1
student_13,c04,2026-06-17 19:54:00,1,46.7
student_13,c03,2026-06-17 19:54:00,1,45.6
student_03,c04,2026-06-17 22:15:00,1,43.6
student_03,c02,2026-06-17 22:16:00,1,35.6
student_03,c04,2026-06-17 22:19:00,0,52.0
student_08,c03,2026-06-18 01:23:00,1,34.1
student_19,c04,2026-06-18 02:02:00,0,66.1
student_19,c02,2026-06-18 02:02:00,0,48.6
student_19,c01,2026-06-18 02:02:00,1,49.2
student_19,c04,2026-06-18 02:05:00,0,57.1
student_19,c02,2026-06-18 02:06:00,0,53.0
student_05,c04,2026-06-18 02:29:00,1,37.7
student_05,c02,2026-06-18 02:30:00,0,15.0
student_05,c03,2026-06-18 02:30:00,1,26.8
student_05,c01,2026-06-18 02:30:00,1,33.2
student_05,c02,2026-06-18 02:33:00,1,38.6
student_05,c01,2026-06-18 02:33:00,1,18.4
student_05,c01,2026-06-18 02:36:00,1,22.8
student_15,c01,2026-06-18 02:45:00,1,39.0
student_15,c03,2026-06-18 02:45:00,1,38.8
student_15,c02,2026-06-18 02:45:00,1,39.3
student_01,c03,2026-06-18 02:49:00,1,41.4
student_01,c04,2026-06-18 02:49:00,1,34.1
student_01,c02,2026-06-18 02:49:00,0,36.4
student_15,c03,2026-06-18 02:49:00,1,23.8
student_01,c01,2026-06-18 02:50:00,1,33.7
student_01,c01,2026-06-18 02:52:00,1,45.9
student_01,c04,2026-06-18 02:53:00,0,51.3
student_11,c04,2026-06-18 19:22:00,0,37.2
student_11,c03,2026-06-18 19:22:00,1,35.9
student_11,c02,2026-06-18 19:22:00,1,35.1
student_11,c04,2026-06-18 19:25:00,0,24.4
student_11,c03,2026-06-18 19:26:00,1,53.7
student_11,c04,2026-06-18 19:28:00,1,44.3
student_11,c03,2026-06-18 19:28:00,1,30.0
student_17,c04,2026-06-19 00:17:00,0,6.6
student_17,c02,2026-06-19 00:18:00,1,33.0
student_17,c04,2026-06-19 00:20:00,1,44.4
student_17,c02,2026-06-19 00:21:00,1,21.7
student_12,c04,2026-06-19 00:39:00,1,34.5
student_12,c04,2026-06-19 00:42:00,0,39.5
student_07,c02,2026-06-19 02:06:00,1,44.8
student_07,c04,2026-06-19 02:07:00,0,21.4
student_07,c03,2026-06-19 02:07:00,1,35.6
student_07,c02,2026-06-19 02:10:00,0,29.4
student_07,c03,2026-06-19 02:10:00,0,46.5
student_07,c03,2026-06-19 02:13:00,0,59.1
student_05,c04,2026-06-19 02:28:00,1,32.5
student_05,c04,2026-06-19 02:32:00,1,42.5
student_19,c02,2026-06-19 02:46:00,1,21.0
student_19,c04,2026-06-19 02:47:00,0,67.3
student_19,c02,2026-06-19 02:49:00,1,22.6
student_14,c03,2026-06-19 04:13:00,1,39.1
student_14,c02,2026-06-19 04:13:00,1,33.4
student_14,c01,2026-06-19 04:13:00,1,33.5
student_14,c04,2026-06-19 04:14:00,1,40.9
student_14,c02,2026-06-19 04:17:00,1,34.9
student_13,c01,2026-06-19 04:32:00,1,19.8
student_13,c04,2026-06-19 04:33:00,0,40.5
student_13,c03,2026-06-19 04:33:00,1,38.2
student_13,c02,2026-06-19 04:33:00,1,40.1
student_13,c04,2026-06-19 04:36:00,0,38.3
student_02,c01,2026-06-19 04:39:00,1,28.2
student_02,c03,2026-06-19 04:40:00,1,8.0
student_02,c02,2026-06-19 04:40:00,1,33.9
student_02,c01,2026-06-19 04:43:00,1,30.3
student_02,c02,2026-06-19 04:43:00,1,30.9
student_09,c02,2026-06-19 05:37:00,1,53.9
student_09,c04,2026-06-19 05:38:00,1,67.4
student_09,c03,2026-06-19 05:38:00,0,29.2
student_09,c02,2026-06-19 05:40:00,0,57.2
student_09,c03,2026-06-19 05:40:00,1,20.6
student_08,c02,2026-06-19 06:34:00,1,32.8
student_08,c04,2026-06-19 06:35:00,0,41.8
student_08,c04,2026-06-19 06:38:00,0,21.8
student_08,c04,2026-06-19 06:40:00,1,45.1
student_11,c01,2026-06-19 18:54:00,1,37.7
student_11,c02,2026-06-19 18:55:00,1,26.7
student_11,c02,2026-06-19 18:57:00,1,17.0
student_17,c02,2026-06-19 19:29:00,1,22.3
student_17,c01,2026-06-19 19:29:00,0,23.5
student_17,c04,2026-06-19 19:30:00,0,45.4
student_17,c02,2026-06-19 19:32:00,1,41.2
student_17,c04,2026-06-19 19:32:00,1,37.6
student_17,c01,2026-06-19 19:33:00,1,31.0
student_01,c01,2026-06-19 20:17:00,1,32.1
student_01,c02,2026-06-19 20:18:00,0,43.6
student_01,c03,2026-06-19 20:18:00,1,36.4
student_01,c01,2026-06-19 20:20:00,0,36.8
student_01,c02,2026-06-19 20:21:00,1,30.0
student_19,c02,2026-06-19 21:55:00,1,13.6
student_19,c04,2026-06-19 21:55:00,1,29.9
student_19,c03,2026-06-19 21:56:00,1,29.8
student_19,c02,2026-06-19 21:58:00,1,37.2
student_19,c03,2026-06-19 21:59:00,0,51.9
student_02,c01,2026-06-19 23:53:00,1,35.9
student_02,c03,2026-06-19 23:53:00,1,39.6
student_02,c02,2026-06-19 23:53:00,1,40.2
student_02,c03,2026-06-19 23:56:00,0,41.2
student_02,c02,2026-06-19 23:56:00,1,31.7
student_02,c01,2026-06-19 23:57:00,1,39.3
student_02,c03,2026-06-19 23:59:00,1,40.6
student_18,c02,2026-06-20 00:51:00,1,25.0
student_18,c04,2026-06-20 00:51:00,0,52.1
student_18,c01,2026-06-20 00:52:00,1,33.3
student_10,c03,2026-06-20 03:13:00,0,44.7
student_10,c02,2026-06-20 03:14:00,0,38.5
student_10,c04,2026-06-20 03:14:00,1,49.0
student_10,c03,2026-06-20 03:16:00,1,28.6
student_15,c02,2026-06-20 04:28:00,1,41.1
student_03,c03,2026-06-20 05:10:00,1,26.2
student_03,c02,2026-06-20 05:11:00,1,33.1
student_07,c04,2026-06-20 07:00:00,1,47.7
student_19,c01,2026-06-20 21:59:00,1,17.8
student_19,c02,2026-06-20 21:59:00,1,28.9
student_19,c04,2026-06-20 21:59:00,1,31.6
student_19,c01,2026-06-20 22:01:00,1,22.2
student_19,c02,2026-06-20 22:02:00,1,26.5
student_19,c01,2026-06-20 22:04:00,1,54.0
student_19,c02,2026-06-20 22:04:00,1,45.0
student_01,c04,2026-06-20 23:06:00,1,28.9
student_01,c02,2026-06-20 23:06:00,1,37.2
student_01,c04,2026-06-20 23:08:00,1,40.7
student_09,c03,2026-06-20 23:49:00,1,32.7
student_13,c01,2026-06-21 00:03:00,1,24.7
student_13,c05,2026-06-21 00:04:00,0,52.3
student_13,c05,2026-06-21 00:07:00,0,48.3
student_15,c01,2026-06-21 00:07:00,1,34.4
student_06,c01,2026-06-21 00:23:00,0,37.9
student_06,c04,2026-06-21 00:24:00,0,66.3
student_06,c01,2026-06-21 00:27:00,1,55.7
student_12,c02,2026-06-21 00:59:00,0,41.6
student_12,c04,2026-06-21 01:00:00,1,45.7
student_14,c05,2026-06-21 01:31:00,1,52.4
student_14,c05,2026-06-21 01:34:00,0,71.9
student_02,c03,2026-06-21 01:40:00,0,65.4
student_02,c04,2026-06-21 01:41:00,0,38.8
student_02,c02,2026-06-21 01:41:00,1,33.1
student_02,c03,2026-06-21 01:43:00,0,67.6
student_11,c02,2026-06-21 04:02:00,1,31.3
student_11,c03,2026-06-21 04:02:00,1,43.5
student_11,c05,2026-06-21 04:03:00,0,67.9
student_11,c02,2026-06-21 04:06:00,1,49.4
student_20,c01,2026-06-21 06:40:00,0,39.7
student_20,c03,2026-06-21 06:40:00,0,51.9
student_20,c03,2026-06-21 06:44:00,1,28.6
student_20,c03,2026-06-21 06:46:00,1,37.9
student_11,c04,2026-06-21 19:37:00,1,42.2
student_11,c01,2026-06-21 19:38:00,0,14.6
student_19,c04,2026-06-21 19:40:00,1,28.0
student_19,c01,2026-06-21 19:40:00,1,33.3
student_19,c02,2026-06-21 19:41:00,1,36.2
student_16,c02,2026-06-21 19:42:00,1,46.6
student_16,c05,2026-06-21 19:42:00,1,39.2
student_19,c04,2026-06-21 19:43:00,1,31.7
student_16,c02,2026-06-21 19:44:00,0,59.3
student_19,c04,2026-06-21 19:47:00,1,22.7
student_16,c02,2026-06-21 19:48:00,1,25.2
student_05,c02,2026-06-21 20:09:00,1,35.5
student_05,c05,2026-06-21 20:10:00,1,44.2
student_05,c04,2026-06-21 20:10:00,1,37.8
student_05,c05,2026-06-21 20:12:00,1,41.4
student_20,c01,2026-06-21 23:57:00,1,38.4
student_20,c03,2026-06-21 23:57:00,1,37.0
student_20,c01,2026-06-22 00:00:00,0,39.6
student_12,c02,2026-06-22 01:03:00,1,44.7
student_12,c01,2026-06-22 01:03:00,0,49.3
student_12,c05,2026-06-22 01:04:00,0,69.0
student_12,c04,2026-06-22 01:04:00,1,48.9
student_12,c05,2026-06-22 01:07:00,0,54.5
student_12,c01,2026-06-22 01:07:00,1,36.1
student_07,c03,2026-06-22 01:16:00,1,20.2
student_13,c04,2026-06-22 03:57:00,1,54.8
student_13,c01,2026-06-22 03:57:00,1,24.4
student_13,c05,2026-06-22 03:57:00,1,39.3
student_13,c03,2026-06-22 03:57:00,1,47.8
student_13,c01,2026-06-22 04:00:00,1,40.9
student_13,c05,2026-06-22 04:00:00,0,65.6
student_13,c03,2026-06-22 04:00:00,1,42.5
student_13,c03,2026-06-22 04:02:00,1,47.4
student_03,c02,2026-06-22 04:07:00,1,25.0
student_03,c02,2026-06-22 04:11:00,1,40.0
student_01,c03,2026-06-22 04:42:00,1,34.5
student_01,c01,2026-06-22 04:42:00,1,33.0
student_06,c03,2026-06-22 05:06:00,1,44.5
student_06,c04,2026-06-22 05:06:00,0,27.7
student_06,c05,2026-06-22 05:06:00,1,29.8
student_06,c04,2026-06-22 05:09:00,0,44.9
student_06,c05,2026-06-22 05:10:00,1,40.1
student_15,c05,2026-06-22 05:53:00,0,31.3
student_15,c03,2026-06-22 05:54:00,1,43.2
student_15,c02,2026-06-22 05:54:00,1,16.9
student_15,c03,2026-06-22 05:56:00,0,58.3
student_14,c02,2026-06-22 19:37:00,1,44.6
student_14,c04,2026-06-22 19:38:00,1,52.4
student_14,c03,2026-06-22 19:38:00,1,46.1
student_14,c04,2026-06-22 19:41:00,1,34.7
student_14,c02,2026-06-22 19:41:00,1,44.9
student_03,c05,2026-06-22 20:41:00,1,29.2
student_03,c06,2026-06-22 20:42:00,1,25.0
student_03,c06,2026-06-22 20:44:00,1,47.0
student_03,c06,2026-06-22 20:47:00,1,40.8
student_08,c05,2026-06-22 22:27:00,0,56.4
student_08,c03,2026-06-22 22:28:00,0,53.6
student_08,c06,2026-06-22 22:28:00,1,35.2
student_08,c05,2026-06-22 22:30:00,0,41.8
student_08,c06,2026-06-22 22:30:00,1,46.6
student_08,c03,2026-06-22 22:31:00,1,34.1
student_08,c03,2026-06-22 22:33:00,1,30.3
student_08,c05,2026-06-22 22:34:00,0,57.3
student_05,c03,2026-06-22 23:27:00,1,37.6
student_05,c04,2026-06-22 23:27:00,0,43.9
student_05,c01,2026-06-22 23:28:00,1,45.3
student_11,c04,2026-06-23 02:14:00,1,37.2
student_11,c05,2026-06-23 02:14:00,1,32.1
student_11,c01,2026-06-23 02:15:00,1,40.9
student_11,c05,2026-06-23 02:18:00,0,84.6
student_12,c04,2026-06-23 02:25:00,0,22.8
student_12,c04,2026-06-23 02:27:00,1,26.9
student_17,c02,2026-06-23 02:54:00,1,28.6
student_17,c03,2026-06-23 02:54:00,0,41.9
student_17,c06,2026-06-23 02:55:00,1,20.2
student_17,c02,2026-06-23 02:57:00,1,32.8
student_17,c06,2026-06-23 02:57:00,0,62.9
student_17,c03,2026-06-23 02:58:00,1,42.1
student_17,c02,2026-06-23 03:01:00,1,25.2
student_13,c02,2026-06-23 03:35:00,1,30.5
student_13,c03,2026-06-23 03:36:00,1,47.8
student_13,c05,2026-06-23 03:36:00,1,48.3
student_13,c05,2026-06-23 03:38:00,0,17.4
student_13,c05,2026-06-23 03:42:00,1,44.2
student_07,c06,2026-06-23 04:58:00,1,31.5
student_07,c06,2026-06-23 05:01:00,1,68.7
student_04,c01,2026-06-23 05:39:00,0,5.3
student_04,c04,2026-06-23 05:39:00,1,45.9
student_04,c03,2026-06-23 05:39:00,0,38.1
student_04,c01,2026-06-23 05:41:00,1,51.5
student_04,c04,2026-06-23 05:42:00,0,64.5
student_04,c04,2026-06-23 05:45:00,0,74.1
student_06,c05,2026-06-23 06:20:00,1,35.0
student_06,c05,2026-06-23 06:22:00,1,42.0
student_02,c04,2026-06-23 19:19:00,0,57.3
student_02,c04,2026-06-23 19:22:00,0,54.1
student_02,c04,2026-06-23 19:26:00,0,70.1
student_19,c05,2026-06-23 20:21:00,1,27.3
student_19,c06,2026-06-23 20:22:00,0,25.8
student_19,c05,2026-06-23 20:24:00,1,34.3
student_11,c05,2026-06-23 20:37:00,1,34.6
student_11,c06,2026-06-23 20:38:00,1,25.4
student_11,c05,2026-06-23 20:40:00,1,35.0
student_16,c01,2026-06-23 20:53:00,1,22.0
student_16,c05,2026-06-23 20:53:00,0,51.5
student_16,c05,2026-06-23 20:56:00,0,42.1
student_16,c05,2026-06-23 20:59:00,1,31.3
student_10,c06,2026-06-23 21:23:00,1,26.9
student_10,c06,2026-06-23 21:27:00,1,46.4
student_07,c03,2026-06-23 23:38:00,1,36.8
student_07,c04,2026-06-23 23:38:00,1,42.7
student_07,c03,2026-06-23 23:42:00,1,35.1
student_07,c03,2026-06-23 23:44:00,1,22.1
student_17,c02,2026-06-23 23:46:00,1,30.3
student_17,c04,2026-06-23 23:46:00,0,45.0
student_17,c01,2026-06-23 23:46:00,0,12.2
student_17,c01,2026-06-23 23:48:00,1,30.0
student_01,c06,2026-06-24 02:07:00,1,46.9
student_01,c01,2026-06-24 02:08:00,1,55.7
student_01,c02,2026-06-24 02:08:00,1,35.1
student_01,c05,2026-06-24 02:08:00,1,44.5
student_01,c02,2026-06-24 02:11:00,1,27.4
student_01,c02,2026-06-24 02:13:00,1,60.2
student_13,c05,2026-06-24 02:45:00,1,49.0
student_13,c06,2026-06-24 02:46:00,0,58.1
student_12,c06,2026-06-24 03:18:00,1,56.9
student_12,c04,2026-06-24 03:18:00,1,50.7
student_12,c05,2026-06-24 03:18:00,1,42.2
student_12,c04,2026-06-24 03:21:00,1,29.2
student_12,c04,2026-06-24 03:24:00,0,64.7
student_09,c02,2026-06-24 05:21:00,1,33.7
student_14,c03,2026-06-24 06:42:00,1,25.9
student_14,c04,2026-06-24 06:42:00,1,21.3
student_14,c03,2026-06-24 06:44:00,1,43.4
student_16,c05,2026-06-24 20:04:00,1,36.4
student_16,c04,2026-06-24 20:04:00,1,31.7
student_16,c06,2026-06-24 20:04:00,1,49.2
student_16,c04,2026-06-24 20:07:00,1,28.4
student_16,c06,2026-06-24 20:07:00,1,53.3
student_16,c05,2026-06-24 20:08:00,1,64.0
student_09,c06,2026-06-24 20:14:00,0,58.2
student_09,c01,2026-06-24 20:14:00,1,39.2
student_09,c03,2026-06-24 20:15:00,1,36.0
student_09,c06,2026-06-24 20:18:00,0,47.4
student_15,c05,2026-06-24 20:58:00,1,49.7
student_15,c01,2026-06-24 20:58:00,0,76.1
student_15,c04,2026-06-24 20:59:00,1,36.1
student_15,c01,2026-06-24 21:01:00,1,24.4
student_15,c04,2026-06-24 21:01:00,0,70.8
student_08,c01,2026-06-24 22:47:00,1,9.2
student_08,c06,2026-06-24 22:48:00,1,29.1
student_08,c06,2026-06-24 22:51:00,1,38.0
student_20,c01,2026-06-24 22:52:00,0,32.1
student_20,c04,2026-06-24 22:52:00,0,36.4
student_20,c06,2026-06-24 22:53:00,0,33.2
student_20,c01,2026-06-24 22:56:00,1,39.6
student_20,c04,2026-06-24 22:56:00,0,48.1
student_13,c06,2026-06-24 23:26:00,1,44.2
student_13,c03,2026-06-24 23:27:00,1,40.2
student_13,c06,2026-06-24 23:29:00,1,49.2
student_13,c03,2026-06-24 23:29:00,1,44.5
student_17,c04,2026-06-24 23:32:00,1,38.8
student_02,c04,2026-06-25 00:04:00,1,51.9
student_02,c01,2026-06-25 00:04:00,1,42.2
student_03,c04,2026-06-25 02:42:00,0,26.3
student_03,c05,2026-06-25 02:42:00,0,31.1
student_03,c05,2026-06-25 02:44:00,0,48.2
student_11,c06,2026-06-25 04:31:00,0,29.9
student_11,c02,2026-06-25 04:32:00,0,58.1
student_18,c02,2026-06-25 18:03:00,1,28.7
student_18,c02,2026-06-25 18:06:00,1,48.3
student_05,c02,2026-06-25 18:13:00,1,30.1
student_05,c05,2026-06-25 18:14:00,0,74.6
student_05,c04,2026-06-25 18:14:00,1,37.4
student_19,c05,2026-06-25 18:29:00,1,46.3
student_19,c07,2026-06-25 18:30:00,1,30.2
student_11,c03,2026-06-25 18:55:00,0,53.3
student_11,c05,2026-06-25 18:55:00,1,42.7
student_11,c03,2026-06-25 18:59:00,1,31.9
student_11,c05,2026-06-25 18:59:00,1,39.5
student_03,c04,2026-06-25 19:12:00,1,45.8
student_01,c04,2026-06-25 19:39:00,1,34.3
student_01,c01,2026-06-25 19:40:00,0,51.0
student_01,c05,2026-06-25 19:40:00,1,56.2
student_06,c02,2026-06-25 20:33:00,0,52.7
student_06,c06,2026-06-25 20:33:00,1,52.5
student_06,c03,2026-06-25 20:34:00,1,41.7
student_06,c02,2026-06-25 20:37:00,0,43.5
student_13,c01,2026-06-25 21:29:00,1,32.2
student_13,c03,2026-06-25 21:30:00,1,24.7
student_07,c01,2026-06-25 23:04:00,1,28.1
student_07,c05,2026-06-25 23:05:00,0,47.0
student_20,c03,2026-06-26 00:26:00,1,40.8
student_20,c01,2026-06-26 00:27:00,1,25.5
student_20,c06,2026-06-26 00:27:00,1,48.0
student_20,c03,2026-06-26 00:29:00,1,28.2
student_20,c06,2026-06-26 00:29:00,0,41.1
student_20,c03,2026-06-26 00:33:00,1,35.9
student_12,c06,2026-06-26 03:08:00,1,50.3
student_04,c03,2026-06-26 05:42:00,0,65.6
student_04,c03,2026-06-26 05:45:00,0,34.3
student_18,c01,2026-06-26 18:39:00,0,46.7
student_18,c02,2026-06-26 18:40:00,1,41.3
student_18,c04,2026-06-26 18:40:00,0,26.7
student_18,c06,2026-06-26 18:40:00,0,25.3
student_18,c02,2026-06-26 18:43:00,1,32.5
student_09,c03,2026-06-26 21:03:00,1,26.1
student_09,c06,2026-06-26 21:04:00,1,31.5
student_09,c03,2026-06-26 21:06:00,1,47.8
student_09,c06,2026-06-26 21:06:00,1,29.1
student_09,c06,2026-06-26 21:09:00,1,31.2
student_15,c05,2026-06-26 21:45:00,0,59.0
student_15,c04,2026-06-26 21:45:00,0,67.0
student_13,c05,2026-06-27 00:12:00,1,48.3
student_03,c06,2026-06-27 00:13:00,1,44.4
student_03,c02,2026-06-27 00:13:00,1,45.3
student_13,c06,2026-06-27 00:13:00,1,32.9
student_03,c06,2026-06-27 00:15:00,0,80.0
student_03,c02,2026-06-27 00:16:00,1,11.4
student_13,c06,2026-06-27 00:16:00,1,36.2
student_13,c06,2026-06-27 00:18:00,1,46.6
student_03,c02,2026-06-27 00:19:00,1,41.2
student_14,c06,2026-06-27 01:33:00,0,55.3
student_14,c05,2026-06-27 01:33:00,1,40.1
student_14,c02,2026-06-27 01:34:00,0,23.6
student_14,c02,2026-06-27 01:36:00,0,27.1
student_14,c05,2026-06-27 01:37:00,0,67.5
student_14,c05,2026-06-27 01:39:00,1,59.1
student_04,c06,2026-06-27 02:08:00,0,56.0
student_19,c07,2026-06-27 03:30:00,0,52.9
student_19,c03,2026-06-27 03:31:00,1,47.6
student_19,c05,2026-06-27 03:31:00,0,28.1
student_19,c03,2026-06-27 03:34:00,1,42.4
student_01,c01,2026-06-27 04:20:00,1,39.2
student_01,c07,2026-06-27 04:20:00,1,49.9
student_01,c04,2026-06-27 04:21:00,1,53.5
student_01,c06,2026-06-27 04:21:00,0,46.0
student_12,c06,2026-06-27 04:32:00,1,58.9
student_12,c04,2026-06-27 04:33:00,1,48.0
student_12,c06,2026-06-27 04:35:00,1,31.5
student_12,c04,2026-06-27 04:36:00,1,55.6
student_07,c03,2026-06-27 04:52:00,1,41.0
student_07,c01,2026-06-27 04:52:00,1,38.8
student_07,c06,2026-06-27 04:53:00,0,69.8
student_07,c06,2026-06-27 04:56:00,0,49.9
student_02,c04,2026-06-27 05:54:00,1,45.4
student_02,c01,2026-06-27 05:54:00,1,34.2
student_02,c05,2026-06-27 05:55:00,1,46.1
student_02,c04,2026-06-27 05:58:00,1,28.1
student_02,c05,2026-06-27 05:58:00,0,74.9
student_02,c04,2026-06-27 06:01:00,1,44.3
student_20,c06,2026-06-27 18:05:00,0,27.6
student_09,c03,2026-06-27 18:38:00,1,26.6
student_09,c06,2026-06-27 18:38:00,1,43.3
student_02,c02,2026-06-27 18:41:00,1,23.3
student_02,c01,2026-06-27 18:41:00,0,42.8
student_09,c06,2026-06-27 18:41:00,1,44.2
student_09,c03,2026-06-27 18:42:00,1,43.3
student_02,c02,2026-06-27 18:43:00,1,33.1
student_15,c06,2026-06-27 18:49:00,1,36.6
student_15,c06,2026-06-27 18:52:00,0,56.6
student_03,c03,2026-06-27 19:38:00,1,27.2
student_03,c01,2026-06-27 19:38:00,1,36.7
student_03,c07,2026-06-27 19:38:00,1,46.2
student_03,c07,2026-06-27 19:40:00,0,44.1
student_01,c01,2026-06-27 19:57:00,1,20.4
student_01,c01,2026-06-27 20:00:00,1,23.3
student_14,c05,2026-06-27 22:39:00,1,38.8
student_14,c07,2026-06-27 22:40:00,1,41.9
student_14,c02,2026-06-27 22:40:00,1,39.9
student_14,c07,2026-06-27 22:43:00,0,44.4
student_14,c02,2026-06-27 22:43:00,1,52.0
student_19,c03,2026-06-27 22:50:00,1,27.0
student_12,c07,2026-06-28 00:02:00,0,55.1
student_12,c01,2026-06-28 00:02:00,1,35.9
student_12,c06,2026-06-28 00:03:00,0,36.5
student_12,c06,2026-06-28 00:05:00,1,50.8
student_12,c07,2026-06-28 00:05:00,1,26.3
student_17,c02,2026-06-28 00:47:00,1,42.3
student_17,c05,2026-06-28 00:47:00,1,35.5
student_17,c02,2026-06-28 00:49:00,1,36.5
student_10,c04,2026-06-28 02:49:00,0,37.8
student_10,c07,2026-06-28 02:49:00,0,33.0
student_10,c03,2026-06-28 02:49:00,1,39.4
student_10,c02,2026-06-28 02:49:00,1,39.1
student_10,c07,2026-06-28 02:52:00,1,66.1
student_10,c04,2026-06-28 02:53:00,1,30.9
student_10,c02,2026-06-28 02:53:00,1,29.5
student_08,c03,2026-06-28 04:43:00,1,29.5
student_08,c07,2026-06-28 04:43:00,0,54.2
student_18,c02,2026-06-28 04:45:00,1,51.9
student_18,c06,2026-06-28 04:45:00,0,41.4
student_18,c02,2026-06-28 04:47:00,0,36.6
student_13,c07,2026-06-28 06:36:00,1,29.2
student_13,c07,2026-06-28 06:38:00,0,33.1
student_13,c07,2026-06-28 06:41:00,1,33.3
student_11,c06,2026-06-28 06:51:00,0,59.9
student_11,c07,2026-06-28 06:52:00,0,23.2
student_11,c07,2026-06-28 06:55:00,1,34.7
student_11,c07,2026-06-28 06:58:00,1,48.0
student_20,c01,2026-06-28 18:07:00,0,29.5
student_20,c02,2026-06-28 18:07:00,0,28.4
student_07,c04,2026-06-28 18:31:00,0,46.3
student_07,c05,2026-06-28 18:31:00,1,24.4
student_07,c02,2026-06-28 18:32:00,1,29.4
student_07,c02,2026-06-28 18:34:00,1,50.6
student_07,c04,2026-06-28 18:34:00,1,45.4
student_07,c04,2026-06-28 18:37:00,1,41.6
student_15,c01,2026-06-28 19:45:00,1,20.6
student_15,c03,2026-06-28 19:45:00,1,29.6
student_15,c04,2026-06-28 19:46:00,1,55.6
student_15,c05,2026-06-28 19:46:00,1,39.4
student_15,c05,2026-06-28 19:48:00,1,44.7
student_15,c04,2026-06-28 19:49:00,0,77.1
student_15,c03,2026-06-28 19:49:00,1,34.9
student_15,c04,2026-06-28 19:52:00,1,33.6
student_17,c05,2026-06-28 20:57:00,1,45.7
student_17,c07,2026-06-28 20:57:00,1,47.3
student_17,c01,2026-06-28 20:58:00,1,30.8
student_17,c02,2026-06-28 20:58:00,1,44.1
student_17,c01,2026-06-28 21:00:00,1,35.1
student_17,c02,2026-06-28 21:01:00,1,43.7
student_01,c01,2026-06-28 22:33:00,1,34.9
student_01,c06,2026-06-28 22:33:00,1,52.6
student_01,c04,2026-06-28 22:33:00,0,58.2
student_01,c08,2026-06-28 22:34:00,1,63.4
student_01,c01,2026-06-28 22:37:00,1,18.9
student_01,c06,2026-06-28 22:37:00,1,40.1
student_05,c01,2026-06-28 23:01:00,0,18.8
student_05,c04,2026-06-28 23:01:00,1,35.4
student_05,c01,2026-06-28 23:04:00,1,25.5
student_08,c07,2026-06-28 23:30:00,1,33.9
student_08,c01,2026-06-28 23:31:00,0,48.6
student_08,c08,2026-06-28 23:31:00,0,57.9
student_08,c08,2026-06-28 23:33:00,1,34.0
student_08,c01,2026-06-28 23:34:00,1,48.3
student_08,c08,2026-06-28 23:36:00,0,60.4
student_03,c03,2026-06-29 00:07:00,1,38.5
student_03,c04,2026-06-29 00:08:00,0,55.3
student_03,c01,2026-06-29 00:08:00,1,51.2
student_03,c01,2026-06-29 00:11:00,1,37.4
student_11,c07,2026-06-29 02:23:00,1,41.5
student_11,c01,2026-06-29 02:23:00,1,54.0
student_11,c03,2026-06-29 02:24:00,0,80.7
student_11,c07,2026-06-29 02:26:00,1,47.8
student_11,c01,2026-06-29 02:27:00,1,24.8
student_09,c05,2026-06-29 02:32:00,0,24.6
student_09,c01,2026-06-29 02:32:00,1,29.5
student_09,c06,2026-06-29 02:33:00,1,33.3
student_09,c05,2026-06-29 02:35:00,1,35.9
student_09,c06,2026-06-29 02:35:00,1,34.5
student_13,c08,2026-06-29 03:54:00,1,31.3
student_13,c04,2026-06-29 03:54:00,1,23.4
student_13,c05,2026-06-29 03:55:00,0,61.6
student_13,c05,2026-06-29 03:57:00,1,25.8
student_13,c04,2026-06-29 03:57:00,0,52.3
student_13,c04,2026-06-29 04:00:00,1,33.3
student_13,c05,2026-06-29 04:01:00,1,60.7
student_14,c08,2026-06-29 04:53:00,0,73.4
student_14,c06,2026-06-29 04:53:00,0,67.6
student_04,c01,2026-06-29 05:51:00,0,55.4
student_04,c03,2026-06-29 05:51:00,0,56.2
student_04,c04,2026-06-29 05:52:00,0,78.7
student_04,c03,2026-06-29 05:54:00,0,21.5
student_02,c01,2026-06-29 06:05:00,1,21.8
student_02,c03,2026-06-29 06:05:00,0,52.7
student_02,c06,2026-06-29 06:06:00,1,38.8
student_02,c03,2026-06-29 06:08:00,1,36.0
student_02,c01,2026-06-29 06:09:00,1,8.0
student_18,c02,2026-06-29 06:54:00,1,46.1
student_18,c06,2026-06-29 06:54:00,0,44.6
student_09,c01,2026-06-29 19:33:00,1,30.4
student_09,c07,2026-06-29 19:33:00,0,59.5
student_09,c02,2026-06-29 19:34:00,1,22.7
student_09,c04,2026-06-29 19:34:00,0,58.7
student_09,c04,2026-06-29 19:36:00,0,47.9
student_09,c07,2026-06-29 19:36:00,0,72.5
student_12,c04,2026-06-29 20:45:00,1,37.3
student_01,c07,2026-06-29 21:44:00,0,56.8
student_01,c07,2026-06-29 21:47:00,0,66.6
student_01,c07,2026-06-29 21:50:00,1,58.5
student_03,c08,2026-06-29 21:52:00,1,64.6
student_03,c05,2026-06-29 21:53:00,0,62.7
student_03,c05,2026-06-29 21:56:00,1,38.9
student_03,c08,2026-06-29 21:56:00,0,94.6
student_02,c05,2026-06-29 21:57:00,1,43.0
student_02,c06,2026-06-29 21:57:00,1,43.3
student_02,c04,2026-06-29 21:58:00,1,36.6
student_02,c07,2026-06-29 21:58:00,0,67.3
student_03,c08,2026-06-29 21:58:00,0,56.8
student_02,c04,2026-06-29 22:01:00,1,30.3
student_02,c07,2026-06-29 22:01:00,0,34.3
student_02,c06,2026-06-29 22:01:00,1,36.8
student_02,c07,2026-06-29 22:04:00,0,79.7
student_13,c02,2026-06-29 22:22:00,1,35.1
student_13,c07,2026-06-29 22:23:00,0,81.8
student_13,c05,2026-06-29 22:23:00,1,38.8
student_13,c07,2026-06-29 22:25:00,1,39.8
student_13,c02,2026-06-29 22:25:00,1,48.6
student_13,c07,2026-06-29 22:28:00,1,46.9
student_14,c04,2026-06-30 00:01:00,1,40.5
student_14,c07,2026-06-30 00:01:00,1,47.3
student_14,c05,2026-06-30 00:02:00,1,34.1
student_14,c05,2026-06-30 00:05:00,1,44.8
student_14,c07,2026-06-30 00:05:00,1,45.0
student_14,c05,2026-06-30 00:08:00,1,31.2
student_17,c04,2026-06-30 00:52:00,0,35.5
student_17,c04,2026-06-30 00:54:00,1,27.4
student_17,c04,2026-06-30 00:57:00,0,45.5
student_08,c06,2026-06-30 01:31:00,1,32.7
student_08,c06,2026-06-30 01:35:00,1,39.8
student_08,c06,2026-06-30 01:37:00,1,33.7
student_15,c02,2026-06-30 03:05:00,1,35.9
student_15,c04,2026-06-30 03:05:00,1,28.3
student_15,c04,2026-06-30 03:07:00,1,46.2
student_05,c02,2026-06-30 06:41:00,1,26.6
student_05,c05,2026-06-30 06:42:00,0,23.9
student_05,c05,2026-06-30 06:44:00,0,47.2
student_05,c02,2026-06-30 06:45:00,0,52.8
student_19,c01,2026-06-30 18:11:00,1,32.1
student_19,c04,2026-06-30 18:11:00,1,30.8
student_19,c07,2026-06-30 18:11:00,0,61.3
student_19,c03,2026-06-30 18:11:00,1,29.2
student_19,c01,2026-06-30 18:14:00,1,37.7
student_19,c07,2026-06-30 18:15:00,0,40.7
student_19,c03,2026-06-30 18:15:00,0,49.0
student_19,c07,2026-06-30 18:17:00,0,54.7
student_19,c03,2026-06-30 18:18:00,1,42.7
student_03,c07,2026-06-30 20:16:00,1,43.0
student_03,c04,2026-06-30 20:17:00,1,32.0
student_11,c05,2026-06-30 20:19:00,1,67.7
student_11,c04,2026-06-30 20:19:00,1,39.5
student_03,c04,2026-06-30 20:20:00,1,35.3
student_11,c05,2026-06-30 20:22:00,1,29.8
student_08,c07,2026-06-30 22:33:00,0,72.3
student_09,c03,2026-07-01 00:06:00,1,42.2
student_09,c04,2026-07-01 00:06:00,0,47.0
student_13,c04,2026-07-01 00:37:00,1,47.5
student_13,c07,2026-07-01 00:38:00,1,46.9
student_13,c06,2026-07-01 00:38:00,1,28.9
student_01,c04,2026-07-01 00:52:00,1,31.0
student_01,c02,2026-07-01 00:52:00,1,38.1
student_01,c03,2026-07-01 00:53:00,0,80.8
student_01,c04,2026-07-01 00:55:00,0,56.4
student_01,c02,2026-07-01 00:55:00,0,60.5
student_01,c02,2026-07-01 00:59:00,1,19.9
student_04,c06,2026-07-01 01:54:00,0,58.0
student_04,c07,2026-07-01 01:54:00,0,80.4
student_04,c03,2026-07-01 01:54:00,1,32.1
student_04,c06,2026-07-01 01:57:00,1,43.7
student_15,c03,2026-07-01 06:18:00,1,34.9
student_15,c07,2026-07-01 06:18:00,1,59.7
student_15,c06,2026-07-01 06:19:00,1,39.1
student_15,c01,2026-07-01 06:19:00,1,24.7
student_15,c06,2026-07-01 06:21:00,1,25.9
student_12,c01,2026-07-01 06:41:00,1,44.0
student_12,c06,2026-07-01 06:42:00,1,31.1
student_12,c06,2026-07-01 06:45:00,1,30.3
student_20,c04,2026-07-01 06:48:00,0,39.9
student_20,c02,2026-07-01 06:49:00,0,17.6
student_20,c03,2026-07-01 06:49:00,1,48.7
student_20,c02,2026-07-01 06:51:00,0,85.6
student_20,c04,2026-07-01 06:52:00,1,27.4
student_17,c06,2026-07-01 06:56:00,0,79.1
student_07,c01,2026-07-01 18:05:00,1,37.6
student_19,c06,2026-07-01 18:05:00,1,50.3
student_07,c01,2026-07-01 18:08:00,1,47.2
student_19,c06,2026-07-01 18:08:00,0,28.0
student_15,c05,2026-07-01 19:56:00,1,31.1
student_15,c07,2026-07-01 19:56:00,1,50.3
student_15,c02,2026-07-01 19:57:00,1,41.7
student_15,c02,2026-07-01 20:00:00,0,31.5
student_13,c02,2026-07-01 23:42:00,0,61.7
student_13,c05,2026-07-01 23:42:00,1,44.5
student_14,c08,2026-07-02 00:14:00,1,55.4
student_14,c01,2026-07-02 00:15:00,1,33.4
student_14,c09,2026-07-02 00:15:00,0,68.6
student_14,c09,2026-07-02 00:18:00,0,69.1
student_12,c02,2026-07-02 02:01:00,0,20.0
student_12,c08,2026-07-02 02:02:00,1,40.2
student_05,c02,2026-07-02 02:19:00,1,23.5
student_05,c05,2026-07-02 02:20:00,1,45.2
student_05,c05,2026-07-02 02:23:00,0,24.2
student_11,c01,2026-07-02 02:53:00,1,27.5
student_11,c04,2026-07-02 02:53:00,1,31.9
student_11,c02,2026-07-02 02:54:00,0,31.2
student_11,c08,2026-07-02 02:54:00,1,45.2
student_11,c01,2026-07-02 02:56:00,0,22.7
student_04,c03,2026-07-02 03:56:00,0,44.8
student_04,c01,2026-07-02 03:56:00,1,24.5
student_04,c01,2026-07-02 03:59:00,1,28.8
student_20,c04,2026-07-02 05:08:00,0,17.1
student_20,c01,2026-07-02 05:08:00,1,36.6
student_20,c05,2026-07-02 05:09:00,0,65.4
student_20,c07,2026-07-02 05:09:00,1,45.5
student_09,c04,2026-07-02 05:42:00,0,37.3
student_09,c03,2026-07-02 05:43:00,0,44.3
student_09,c03,2026-07-02 05:45:00,1,37.9
student_17,c01,2026-07-02 06:08:00,0,76.1
student_04,c07,2026-07-02 20:34:00,1,54.0
student_04,c05,2026-07-02 20:35:00,0,76.0
student_04,c07,2026-07-02 20:38:00,1,33.1
student_15,c05,2026-07-02 20:45:00,1,44.1
student_15,c06,2026-07-02 20:45:00,1,25.5
student_15,c02,2026-07-02 20:45:00,1,48.0
student_15,c05,2026-07-02 20:47:00,1,53.2
student_05,c06,2026-07-02 22:35:00,0,35.6
student_05,c06,2026-07-02 22:38:00,1,30.5
student_03,c02,2026-07-02 23:39:00,1,19.6
student_03,c08,2026-07-02 23:39:00,1,48.0
student_03,c06,2026-07-02 23:39:00,1,50.3
student_03,c06,2026-07-02 23:41:00,1,26.5
student_03,c02,2026-07-02 23:42:00,1,28.8
student_14,c03,2026-07-03 00:15:00,0,57.7
student_13,c08,2026-07-03 00:20:00,0,82.9
student_13,c06,2026-07-03 00:21:00,1,38.8
student_13,c02,2026-07-03 00:21:00,1,39.5
student_13,c07,2026-07-03 00:21:00,0,35.2
student_13,c06,2026-07-03 00:23:00,1,46.0
student_13,c02,2026-07-03 00:23:00,1,30.7
student_16,c01,2026-07-03 01:00:00,0,57.3
student_16,c02,2026-07-03 01:00:00,1,24.7
student_08,c07,2026-07-03 01:01:00,0,37.5
student_16,c07,2026-07-03 01:01:00,1,47.7
student_08,c01,2026-07-03 01:02:00,1,47.1
student_06,c04,2026-07-03 06:54:00,0,51.0
student_13,c03,2026-07-03 19:23:00,0,85.3
student_13,c02,2026-07-03 19:24:00,1,23.6
student_13,c02,2026-07-03 19:26:00,1,41.9
student_13,c02,2026-07-03 19:29:00,1,38.0
student_15,c06,2026-07-03 22:41:00,1,23.7
student_15,c07,2026-07-03 22:42:00,1,39.6
student_15,c07,2026-07-03 22:44:00,1,35.4
student_07,c06,2026-07-03 23:23:00,1,35.5
student_07,c05,2026-07-03 23:23:00,0,51.9
student_19,c07,2026-07-03 23:25:00,0,46.9
student_19,c04,2026-07-03 23:26:00,1,28.3
student_02,c06,2026-07-03 23:29:00,1,30.8
student_02,c05,2026-07-03 23:29:00,0,40.3
student_02,c04,2026-07-03 23:29:00,1,29.3
student_02,c05,2026-07-03 23:32:00,0,44.9
student_18,c02,2026-07-04 00:03:00,0,24.0
student_18,c04,2026-07-04 00:03:00,0,42.4
student_18,c04,2026-07-04 00:07:00,0,61.2
student_18,c04,2026-07-04 00:10:00,0,34.6
student_14,c03,2026-07-04 00:15:00,1,42.3
student_14,c04,2026-07-04 00:16:00,1,41.2
student_14,c09,2026-07-04 00:16:00,0,90.6
student_12,c09,2026-07-04 02:24:00,1,37.3
student_12,c06,2026-07-04 02:24:00,1,38.2
student_12,c03,2026-07-04 02:24:00,0,55.2
student_12,c06,2026-07-04 02:27:00,0,96.0
student_12,c03,2026-07-04 02:27:00,0,64.8
student_08,c08,2026-07-04 02:42:00,1,35.1
student_08,c03,2026-07-04 02:42:00,1,41.2
student_08,c08,2026-07-04 02:45:00,1,35.1
student_08,c08,2026-07-04 02:48:00,1,59.3
student_17,c01,2026-07-04 03:25:00,1,33.4
student_17,c01,2026-07-04 03:29:00,1,34.4
student_17,c01,2026-07-04 03:32:00,0,44.5
student_09,c05,2026-07-04 06:18:00,1,45.9
student_09,c01,2026-07-04 06:18:00,1,31.8
student_09,c07,2026-07-04 06:19:00,1,34.5
student_09,c07,2026-07-04 06:22:00,0,71.0
student_03,c03,2026-07-04 06:54:00,0,5.0
student_12,c02,2026-07-04 19:07:00,0,63.6
student_12,c05,2026-07-04 19:08:00,0,45.8
student_12,c05,2026-07-04 19:11:00,0,63.4
student_12,c05,2026-07-04 19:14:00,0,39.2
student_08,c05,2026-07-04 20:46:00,0,24.0
student_08,c02,2026-07-04 20:46:00,1,40.8
student_08,c06,2026-07-04 20:47:00,1,28.4
student_08,c05,2026-07-04 20:49:00,0,45.4
student_08,c02,2026-07-04 20:49:00,1,32.5
student_03,c05,2026-07-04 20:58:00,1,55.5
student_11,c01,2026-07-04 21:36:00,1,23.5
student_11,c08,2026-07-04 21:36:00,1,49.5
student_01,c06,2026-07-04 22:03:00,1,36.1
student_01,c07,2026-07-04 22:03:00,1,42.4
student_01,c06,2026-07-04 22:06:00,1,36.9
student_01,c07,2026-07-04 22:06:00,0,78.0
student_01,c07,2026-07-04 22:09:00,0,43.9
student_18,c04,2026-07-04 22:50:00,0,100.5
student_18,c03,2026-07-04 22:50:00,0,36.7
student_18,c03,2026-07-04 22:53:00,0,48.5
student_17,c04,2026-07-04 22:56:00,0,42.7
student_18,c03,2026-07-04 22:56:00,1,28.7
student_17,c04,2026-07-04 23:00:00,0,48.6
student_17,c04,2026-07-04 23:03:00,1,31.8
student_02,c03,2026-07-04 23:25:00,1,38.1
student_02,c06,2026-07-04 23:25:00,1,24.0
student_02,c06,2026-07-04 23:28:00,1,49.3
student_05,c02,2026-07-05 00:13:00,0,51.7
student_05,c05,2026-07-05 00:14:00,1,39.0
student_05,c05,2026-07-05 00:16:00,1,45.0
student_05,c02,2026-07-05 00:16:00,1,46.0
student_05,c02,2026-07-05 00:20:00,1,19.7
student_13,c01,2026-07-05 01:14:00,1,46.2
student_13,c01,2026-07-05 01:16:00,1,24.6
student_06,c03,2026-07-05 01:17:00,1,27.8
student_06,c01,2026-07-05 01:18:00,0,20.7
student_06,c04,2026-07-05 01:18:00,1,38.5
student_13,c01,2026-07-05 01:19:00,1,27.7
student_06,c03,2026-07-05 01:21:00,1,35.2
student_06,c04,2026-07-05 01:21:00,0,58.8
student_15,c05,2026-07-05 01:25:00,1,39.8
student_15,c08,2026-07-05 01:25:00,0,55.0
student_15,c07,2026-07-05 01:25:00,1,39.8
student_15,c05,2026-07-05 01:28:00,0,36.2
student_15,c07,2026-07-05 01:28:00,1,43.9
student_15,c08,2026-07-05 01:29:00,1,43.7
student_15,c05,2026-07-05 01:32:00,1,52.0
student_15,c07,2026-07-05 01:32:00,1,33.7
student_19,c01,2026-07-05 02:31:00,1,36.9
student_19,c08,2026-07-05 02:32:00,1,42.5
student_19,c07,2026-07-05 02:32:00,0,52.9
student_19,c01,2026-07-05 02:34:00,1,29.7
student_14,c07,2026-07-05 05:58:00,1,49.5
student_14,c01,2026-07-05 05:58:00,0,31.3
student_14,c05,2026-07-05 05:58:00,1,57.8
student_14,c05,2026-07-05 06:01:00,1,49.9
student_07,c05,2026-07-05 18:47:00,1,47.1
student_07,c06,2026-07-05 18:48:00,1,35.3
student_05,c01,2026-07-05 22:04:00,1,30.5
student_05,c07,2026-07-05 22:04:00,0,18.1
student_05,c02,2026-07-05 22:04:00,0,11.5
student_05,c01,2026-07-05 22:07:00,1,32.1
student_05,c07,2026-07-05 22:08:00,1,41.1
student_01,c07,2026-07-05 22:33:00,1,57.0
student_01,c05,2026-07-05 22:33:00,1,45.3
student_01,c07,2026-07-05 22:36:00,1,37.5
student_14,c05,2026-07-06 00:14:00,1,59.3
student_14,c04,2026-07-06 00:14:00,1,33.5
student_14,c05,2026-07-06 00:17:00,1,23.3
student_02,c05,2026-07-06 01:35:00,1,51.7
student_02,c07,2026-07-06 01:35:00,1,45.6
student_02,c07,2026-07-06 01:37:00,0,61.2
student_17,c04,2026-07-06 02:50:00,1,32.7
student_17,c03,2026-07-06 02:50:00,1,26.1
student_17,c03,2026-07-06 02:52:00,1,51.7
student_17,c04,2026-07-06 02:53:00,1,25.3
student_08,c07,2026-07-06 03:03:00,0,53.4
student_08,c02,2026-07-06 03:03:00,1,41.2
student_08,c04,2026-07-06 03:03:00,1,48.2
student_08,c06,2026-07-06 03:04:00,1,35.2
student_08,c02,2026-07-06 03:07:00,1,58.8
student_13,c09,2026-07-06 03:45:00,1,54.1
student_13,c04,2026-07-06 03:46:00,1,30.7
student_11,c07,2026-07-06 03:58:00,1,36.9
student_11,c07,2026-07-06 04:01:00,0,49.1
student_11,c07,2026-07-06 04:04:00,0,55.9
student_06,c07,2026-07-06 04:48:00,1,44.3
student_06,c02,2026-07-06 04:49:00,1,35.1
student_06,c05,2026-07-06 04:49:00,1,39.8
student_15,c02,2026-07-06 05:08:00,1,17.7
student_15,c03,2026-07-06 05:09:00,1,33.8
student_15,c02,2026-07-06 05:11:00,1,37.2
student_11,c06,2026-07-06 18:09:00,0,54.3
student_11,c11,2026-07-06 18:10:00,0,54.5
student_11,c06,2026-07-06 18:12:00,0,39.0
student_08,c05,2026-07-06 19:21:00,0,35.3
student_08,c07,2026-07-06 19:22:00,0,45.1
student_08,c02,2026-07-06 19:22:00,1,37.2
student_08,c07,2026-07-06 19:25:00,1,33.0
student_03,c04,2026-07-06 20:04:00,1,33.7
student_03,c07,2026-07-06 20:04:00,0,77.8
student_03,c04,2026-07-06 20:07:00,1,39.8
student_19,c03,2026-07-06 23:11:00,1,48.6
student_19,c03,2026-07-06 23:15:00,0,34.9
student_09,c11,2026-07-07 00:13:00,1,31.5
student_09,c07,2026-07-07 00:13:00,0,74.1
student_09,c04,2026-07-07 00:13:00,0,72.2
student_09,c11,2026-07-07 00:15:00,0,67.9
student_15,c07,2026-07-07 00:42:00,0,67.8
student_15,c01,2026-07-07 00:43:00,1,41.8
student_10,c01,2026-07-07 00:44:00,0,39.4
student_10,c08,2026-07-07 00:44:00,0,39.2
student_10,c07,2026-07-07 00:45:00,0,26.5
student_10,c11,2026-07-07 00:45:00,0,15.9
student_15,c07,2026-07-07 00:46:00,1,38.4
student_10,c08,2026-07-07 00:48:00,0,74.2
student_10,c08,2026-07-07 00:51:00,1,27.0
student_13,c05,2026-07-07 01:07:00,1,58.9
student_13,c07,2026-07-07 01:08:00,1,51.1
student_13,c05,2026-07-07 01:10:00,1,52.2
student_07,c06,2026-07-07 02:15:00,1,31.7
student_07,c01,2026-07-07 02:15:00,1,39.3
student_07,c04,2026-07-07 02:16:00,1,43.4
student_07,c01,2026-07-07 02:18:00,1,17.3
student_07,c04,2026-07-07 02:19:00,1,43.0
student_01,c04,2026-07-07 03:42:00,1,56.0
student_01,c09,2026-07-07 03:43:00,1,50.0
student_16,c01,2026-07-07 04:37:00,0,31.2
student_16,c08,2026-07-07 04:37:00,1,52.6
student_16,c03,2026-07-07 04:37:00,0,56.0
student_16,c06,2026-07-07 04:38:00,0,47.0
student_16,c01,2026-07-07 04:41:00,0,66.7
student_08,c02,2026-07-07 18:18:00,1,31.5
student_08,c04,2026-07-07 18:18:00,1,28.8
student_08,c02,2026-07-07 18:21:00,1,37.3
student_11,c05,2026-07-07 21:32:00,1,39.9
student_11,c04,2026-07-07 21:33:00,0,52.1
student_11,c08,2026-07-07 21:33:00,1,35.8
student_11,c08,2026-07-07 21:35:00,0,43.3
student_11,c05,2026-07-07 21:35:00,1,42.0
student_11,c04,2026-07-07 21:36:00,1,60.1
student_11,c04,2026-07-07 21:38:00,1,51.7
student_12,c05,2026-07-07 21:55:00,1,27.9
student_12,c03,2026-07-07 21:55:00,0,61.8
student_12,c08,2026-07-07 21:56:00,0,36.9
student_12,c05,2026-07-07 21:58:00,0,43.2
student_12,c03,2026-07-07 21:58:00,0,43.2
student_12,c05,2026-07-07 22:01:00,0,70.7
student_17,c03,2026-07-07 23:02:00,1,36.5
student_17,c06,2026-07-07 23:02:00,0,48.4
student_17,c06,2026-07-07 23:05:00,1,39.1
student_17,c06,2026-07-07 23:09:00,0,69.4
student_02,c11,2026-07-07 23:44:00,0,43.5
student_14,c05,2026-07-08 00:07:00,1,49.1
student_14,c06,2026-07-08 00:07:00,1,39.1
student_14,c05,2026-07-08 00:09:00,1,30.6
student_14,c06,2026-07-08 00:09:00,1,52.5
student_14,c05,2026-07-08 00:12:00,0,42.2
student_14,c06,2026-07-08 00:12:00,1,29.4
student_10,c02,2026-07-08 00:15:00,1,29.1
student_10,c09,2026-07-08 00:16:00,0,64.5
student_10,c07,2026-07-08 00:16:00,1,21.3
student_10,c09,2026-07-08 00:18:00,1,50.4
student_03,c07,2026-07-08 00:45:00,1,15.8
student_05,c03,2026-07-08 02:25:00,1,41.3
student_05,c04,2026-07-08 02:26:00,1,40.3
student_05,c04,2026-07-08 02:29:00,1,26.0
student_20,c08,2026-07-08 02:56:00,1,75.7
student_20,c03,2026-07-08 02:57:00,0,5.0
student_20,c05,2026-07-08 02:57:00,1,41.8
student_20,c01,2026-07-08 02:57:00,1,40.5
student_20,c03,2026-07-08 02:59:00,1,42.7
student_20,c05,2026-07-08 03:00:00,0,40.9
student_20,c01,2026-07-08 03:00:00,1,32.0
student_13,c05,2026-07-08 05:05:00,0,85.1
student_15,c03,2026-07-08 05:56:00,0,56.5
student_09,c07,2026-07-08 06:30:00,0,104.0
student_09,c04,2026-07-08 06:31:00,0,45.9
student_04,c06,2026-07-08 19:25:00,0,68.3
student_04,c05,2026-07-08 19:25:00,1,50.8
student_04,c01,2026-07-08 19:26:00,1,8.0
student_04,c06,2026-07-08 19:28:00,0,54.3
student_04,c01,2026-07-08 19:29:00,0,50.5
student_04,c06,2026-07-08 19:31:00,0,72.7
student_01,c10,2026-07-08 20:02:00,0,59.8
student_01,c02,2026-07-08 20:02:00,1,38.5
student_01,c08,2026-07-08 20:03:00,0,65.2
student_01,c07,2026-07-08 20:03:00,0,19.2
student_01,c10,2026-07-08 20:06:00,1,49.6
student_01,c02,2026-07-08 20:06:00,1,52.7
student_01,c07,2026-07-08 20:06:00,1,36.7
student_01,c10,2026-07-08 20:08:00,0,90.0
student_01,c02,2026-07-08 20:08:00,0,52.5
student_01,c07,2026-07-08 20:08:00,0,50.6
student_14,c03,2026-07-08 20:19:00,1,35.8
student_14,c04,2026-07-08 20:19:00,1,23.3
student_09,c05,2026-07-08 21:07:00,0,47.9
student_09,c05,2026-07-08 21:09:00,0,34.2
student_12,c08,2026-07-08 23:40:00,0,15.4
student_12,c02,2026-07-08 23:40:00,1,55.8
student_05,c03,2026-07-08 23:43:00,0,61.5
student_05,c05,2026-07-08 23:43:00,0,48.4
student_05,c08,2026-07-08 23:44:00,0,75.0
student_05,c06,2026-07-08 23:44:00,1,12.8
student_12,c08,2026-07-08 23:44:00,0,81.4
student_12,c02,2026-07-08 23:44:00,1,26.3
student_05,c05,2026-07-08 23:46:00,1,49.0
student_12,c08,2026-07-08 23:46:00,1,30.3
student_05,c08,2026-07-08 23:47:00,0,32.3
student_05,c08,2026-07-08 23:49:00,0,70.7
student_03,c03,2026-07-08 23:57:00,1,41.8
student_03,c11,2026-07-08 23:57:00,0,67.7
student_13,c09,2026-07-09 00:48:00,1,49.0
student_13,c06,2026-07-09 00:48:00,1,21.2
student_13,c01,2026-07-09 00:48:00,1,40.7
student_13,c09,2026-07-09 00:51:00,0,54.3
student_13,c06,2026-07-09 00:51:00,0,74.3
student_13,c09,2026-07-09 00:54:00,1,39.2
student_07,c11,2026-07-09 01:45:00,1,35.9
student_07,c11,2026-07-09 01:47:00,1,28.8
student_08,c11,2026-07-09 02:30:00,1,38.5
student_08,c05,2026-07-09 02:30:00,0,60.1
student_08,c03,2026-07-09 02:30:00,1,31.2
student_08,c03,2026-07-09 02:32:00,1,32.9
student_19,c02,2026-07-09 06:13:00,1,46.6
student_19,c01,2026-07-09 06:13:00,1,35.2
student_19,c06,2026-07-09 06:13:00,1,38.8
student_15,c11,2026-07-09 06:27:00,1,41.9
student_15,c11,2026-07-09 06:31:00,1,33.3
student_12,c04,2026-07-09 19:58:00,1,38.3
student_12,c08,2026-07-09 19:59:00,0,72.5
student_12,c08,2026-07-09 20:01:00,0,12.2
student_12,c04,2026-07-09 20:01:00,1,35.3
student_13,c07,2026-07-09 20:25:00,1,38.4
student_13,c01,2026-07-09 20:26:00,1,27.7
student_08,c07,2026-07-09 20:48:00,0,61.5
student_08,c04,2026-07-09 20:48:00,1,37.0
student_08,c07,2026-07-09 20:51:00,1,58.6
student_17,c01,2026-07-10 00:02:00,0,37.9
student_17,c01,2026-07-10 00:04:00,1,25.3
student_18,c04,2026-07-10 00:04:00,0,47.0
student_18,c03,2026-07-10 00:04:00,0,75.2
student_18,c06,2026-07-10 00:05:00,1,51.1
student_18,c06,2026-07-10 00:08:00,0,28.9
student_01,c05,2026-07-10 01:41:00,1,36.7
student_01,c12,2026-07-10 01:42:00,1,60.1
student_01,c05,2026-07-10 01:44:00,1,44.9
student_02,c03,2026-07-10 02:15:00,1,14.8
student_02,c04,2026-07-10 02:15:00,1,38.4
student_02,c03,2026-07-10 02:19:00,1,42.2
student_02,c04,2026-07-10 02:19:00,1,41.2
student_02,c04,2026-07-10 02:21:00,1,20.5
student_03,c02,2026-07-10 03:45:00,1,19.0
student_03,c03,2026-07-10 03:45:00,1,29.9
student_03,c02,2026-07-10 03:47:00,1,42.6
student_16,c02,2026-07-10 04:09:00,1,33.1
student_16,c11,2026-07-10 04:09:00,1,54.2
student_16,c12,2026-07-10 04:10:00,1,46.9
student_16,c11,2026-07-10 04:12:00,1,34.5
student_16,c02,2026-07-10 04:13:00,1,24.3
student_16,c02,2026-07-10 04:16:00,0,53.6
student_06,c07,2026-07-10 05:09:00,1,35.5
student_06,c03,2026-07-10 05:09:00,1,33.2
student_06,c02,2026-07-10 05:09:00,0,33.5
student_09,c11,2026-07-10 05:09:00,0,63.2
student_09,c02,2026-07-10 05:10:00,1,35.0
student_06,c07,2026-07-10 05:11:00,0,68.7
student_06,c02,2026-07-10 05:11:00,1,41.0
student_09,c02,2026-07-10 05:12:00,1,27.5
student_14,c07,2026-07-10 05:12:00,1,35.3
student_14,c03,2026-07-10 05:12:00,1,39.6
student_17,c03,2026-07-10 19:30:00,1,41.2
student_17,c02,2026-07-10 19:31:00,1,44.2
student_17,c03,2026-07-10 19:33:00,1,23.2
student_07,c04,2026-07-10 20:06:00,1,48.5
student_07,c04,2026-07-10 20:09:00,1,36.2
student_19,c02,2026-07-10 21:36:00,1,45.6
student_19,c02,2026-07-10 21:39:00,1,44.4
student_19,c02,2026-07-10 21:41:00,1,51.2
student_11,c02,2026-07-10 22:19:00,1,45.7
student_11,c01,2026-07-10 22:19:00,1,34.6
student_11,c01,2026-07-10 22:22:00,1,42.6
student_11,c01,2026-07-10 22:25:00,1,34.9
student_02,c11,2026-07-10 23:42:00,0,68.0
student_02,c06,2026-07-10 23:42:00,1,45.6
student_02,c06,2026-07-10 23:46:00,1,30.1
student_02,c06,2026-07-10 23:49:00,0,73.5
student_01,c04,2026-07-11 00:22:00,0,52.4
student_01,c07,2026-07-11 00:23:00,1,33.3
student_08,c03,2026-07-11 01:39:00,1,49.3
student_08,c01,2026-07-11 01:39:00,1,21.5
student_08,c11,2026-07-11 01:39:00,1,41.4
student_08,c08,2026-07-11 01:40:00,1,54.7
student_08,c08,2026-07-11 01:42:00,1,29.5
student_08,c03,2026-07-11 01:43:00,1,27.5
student_08,c03,2026-07-11 01:45:00,1,51.4
student_03,c04,2026-07-11 04:57:00,0,64.5
student_03,c09,2026-07-11 04:58:00,1,24.9
student_03,c09,2026-07-11 05:00:00,1,51.9
student_03,c04,2026-07-11 05:01:00,1,47.3
student_20,c06,2026-07-11 05:08:00,0,45.0
student_20,c03,2026-07-11 05:08:00,1,59.9
student_20,c02,2026-07-11 05:08:00,0,38.2
student_20,c03,2026-07-11 05:11:00,1,37.6
student_20,c02,2026-07-11 05:11:00,0,37.0
student_20,c03,2026-07-11 05:14:00,0,73.1
student_05,c09,2026-07-11 05:53:00,1,37.4
student_05,c11,2026-07-11 05:53:00,0,46.0
student_05,c09,2026-07-11 05:57:00,1,44.4
student_05,c09,2026-07-11 05:59:00,1,44.6
student_10,c07,2026-07-11 21:20:00,1,38.7
student_10,c12,2026-07-11 21:21:00,1,44.3
student_10,c05,2026-07-11 21:21:00,1,45.4
student_10,c12,2026-07-11 21:23:00,1,44.7
student_10,c07,2026-07-11 21:23:00,1,63.8
student_10,c05,2026-07-11 21:23:00,1,22.6
student_19,c02,2026-07-11 21:26:00,0,47.9
student_10,c07,2026-07-11 21:27:00,0,58.1
student_19,c02,2026-07-11 21:29:00,1,27.8
student_19,c02,2026-07-11 21:33:00,1,27.9
student_20,c05,2026-07-11 21:37:00,1,27.9
student_20,c09,2026-07-11 21:38:00,0,68.0
student_20,c09,2026-07-11 21:41:00,0,25.2
student_20,c09,2026-07-11 21:43:00,1,40.4
student_03,c02,2026-07-11 23:36:00,1,25.1
student_03,c01,2026-07-11 23:36:00,1,24.9
student_03,c10,2026-07-11 23:36:00,1,45.8
student_03,c01,2026-07-11 23:39:00,1,24.5
student_03,c01,2026-07-11 23:42:00,1,19.5
student_14,c04,2026-07-11 23:47:00,1,40.5
student_14,c03,2026-07-11 23:48:00,0,26.3
student_14,c03,2026-07-11 23:51:00,1,48.8
student_15,c04,2026-07-12 01:00:00,1,30.1
student_15,c07,2026-07-12 01:00:00,1,32.0
student_15,c06,2026-07-12 01:00:00,1,39.3
student_15,c04,2026-07-12 01:02:00,1,24.5
student_15,c06,2026-07-12 01:02:00,1,31.6
student_15,c07,2026-07-12 01:03:00,1,33.9
student_15,c07,2026-07-12 01:05:00,1,49.9
student_12,c05,2026-07-12 01:56:00,1,42.6
student_12,c09,2026-07-12 01:56:00,0,51.4
student_12,c02,2026-07-12 01:56:00,0,46.7
student_06,c02,2026-07-12 02:00:00,1,17.7
student_12,c05,2026-07-12 02:00:00,0,47.7
student_12,c09,2026-07-12 02:00:00,0,34.8
student_06,c08,2026-07-12 02:01:00,1,31.3
student_06,c02,2026-07-12 02:03:00,1,35.0
student_02,c04,2026-07-12 02:59:00,1,35.0
student_02,c04,2026-07-12 03:01:00,1,50.7
student_07,c06,2026-07-12 03:38:00,1,38.4
student_07,c04,2026-07-12 03:38:00,1,44.7
student_07,c07,2026-07-12 03:39:00,0,83.9
student_07,c07,2026-07-12 03:42:00,1,38.1
student_17,c02,2026-07-12 03:46:00,1,36.0
student_17,c07,2026-07-12 03:47:00,0,39.1
student_17,c05,2026-07-12 03:47:00,0,43.0
student_17,c03,2026-07-12 03:47:00,1,50.7
student_17,c02,2026-07-12 03:49:00,1,29.9
student_17,c05,2026-07-12 03:50:00,1,53.6
student_16,c03,2026-07-12 04:52:00,1,47.6
student_16,c05,2026-07-12 04:53:00,0,63.7
student_16,c05,2026-07-12 04:55:00,1,48.0
student_04,c05,2026-07-12 18:06:00,0,20.8
student_04,c05,2026-07-12 18:10:00,1,33.7
student_07,c05,2026-07-12 18:12:00,0,53.6
student_07,c03,2026-07-12 18:13:00,0,29.6
student_07,c02,2026-07-12 18:13:00,1,31.6
student_07,c03,2026-07-12 18:15:00,1,25.1
student_07,c05,2026-07-12 18:15:00,0,59.9
student_09,c06,2026-07-12 20:06:00,1,49.7
student_09,c06,2026-07-12 20:09:00,0,89.9
student_09,c06,2026-07-12 20:11:00,0,69.1
student_03,c10,2026-07-12 21:52:00,1,26.1
student_03,c11,2026-07-12 21:53:00,1,38.4
student_03,c10,2026-07-12 21:55:00,1,58.5
student_18,c03,2026-07-12 22:50:00,1,29.4
student_18,c01,2026-07-12 22:51:00,1,51.6
student_18,c03,2026-07-12 22:53:00,0,60.1
student_18,c03,2026-07-12 22:57:00,0,52.5
student_16,c03,2026-07-12 23:09:00,1,19.5
student_16,c01,2026-07-12 23:09:00,0,48.8
student_08,c04,2026-07-12 23:13:00,0,31.6
student_08,c11,2026-07-12 23:13:00,1,43.5
student_16,c03,2026-07-12 23:13:00,0,83.1
student_08,c05,2026-07-12 23:14:00,1,43.0
student_08,c04,2026-07-12 23:16:00,1,34.1
student_08,c05,2026-07-12 23:17:00,0,50.0
student_08,c11,2026-07-12 23:17:00,0,58.1
student_08,c05,2026-07-12 23:19:00,0,41.4
student_13,c05,2026-07-13 00:45:00,1,50.4
student_13,c04,2026-07-13 00:45:00,0,39.3
student_13,c07,2026-07-13 00:46:00,1,22.1
student_13,c07,2026-07-13 00:48:00,1,30.8
student_15,c06,2026-07-13 02:10:00,1,53.1
student_15,c12,2026-07-13 02:10:00,1,46.8
student_15,c12,2026-07-13 02:14:00,0,72.5
student_02,c12,2026-07-13 03:10:00,1,59.3
student_02,c01,2026-07-13 03:10:00,0,36.9
student_02,c06,2026-07-13 03:11:00,1,57.6
student_02,c12,2026-07-13 03:14:00,0,46.1
student_02,c06,2026-07-13 03:14:00,1,41.0
student_19,c09,2026-07-13 04:35:00,1,46.6
student_19,c06,2026-07-13 04:35:00,1,32.4
student_19,c11,2026-07-13 04:35:00,1,34.7
student_19,c09,2026-07-13 04:39:00,1,46.0
student_19,c06,2026-07-13 04:39:00,1,28.8
student_19,c06,2026-07-13 04:41:00,1,29.8
student_07,c05,2026-07-13 18:04:00,1,36.2
student_07,c03,2026-07-13 18:04:00,1,37.4
student_07,c08,2026-07-13 18:04:00,0,71.8
student_07,c03,2026-07-13 18:06:00,1,27.9
student_07,c08,2026-07-13 18:07:00,1,48.0
student_07,c08,2026-07-13 18:10:00,1,45.5
student_06,c03,2026-07-13 19:00:00,1,47.9
student_06,c06,2026-07-13 19:01:00,1,8.0
student_06,c03,2026-07-13 19:04:00,1,23.7
student_06,c03,2026-07-13 19:06:00,1,46.2
student_02,c08,2026-07-13 19:45:00,1,37.3
student_02,c13,2026-07-13 19:46:00,0,75.5
student_02,c13,2026-07-13 19:48:00,1,56.0
student_10,c11,2026-07-13 20:12:00,0,71.5
student_10,c10,2026-07-13 20:12:00,1,51.1
student_10,c13,2026-07-13 20:12:00,1,49.4
student_10,c12,2026-07-13 20:12:00,1,51.7
student_10,c11,2026-07-13 20:16:00,0,36.2
student_10,c13,2026-07-13 20:16:00,1,50.8
student_10,c11,2026-07-13 20:18:00,0,38.4
student_11,c11,2026-07-13 21:49:00,0,11.1
student_11,c07,2026-07-13 21:50:00,1,39.6
student_11,c12,2026-07-13 21:50:00,1,43.0
student_11,c11,2026-07-13 21:53:00,0,66.8
student_11,c07,2026-07-13 21:53:00,1,30.8
student_11,c07,2026-07-13 21:55:00,1,54.2
student_08,c09,2026-07-13 21:57:00,0,37.6
student_08,c04,2026-07-13 21:58:00,1,25.6
student_08,c01,2026-07-13 21:58:00,1,28.2
student_08,c04,2026-07-13 22:00:00,0,62.6
student_09,c07,2026-07-13 22:20:00,0,83.2
student_09,c01,2026-07-13 22:21:00,0,14.2
student_09,c07,2026-07-13 22:23:00,1,30.9
student_09,c07,2026-07-13 22:27:00,1,42.4
student_18,c06,2026-07-13 23:47:00,0,72.5
student_18,c12,2026-07-13 23:48:00,0,45.7
student_19,c06,2026-07-14 01:20:00,1,32.5
student_19,c11,2026-07-14 01:21:00,1,43.7
student_19,c11,2026-07-14 01:24:00,1,30.2
student_19,c11,2026-07-14 01:27:00,1,35.7
student_01,c04,2026-07-14 02:52:00,1,30.3
student_01,c05,2026-07-14 02:53:00,0,25.2
student_01,c05,2026-07-14 02:55:00,0,31.1
student_16,c02,2026-07-14 03:23:00,1,31.2
student_16,c08,2026-07-14 03:24:00,1,59.5
student_16,c01,2026-07-14 03:24:00,0,21.6
student_03,c01,2026-07-14 04:48:00,1,30.8
student_03,c01,2026-07-14 04:52:00,1,36.3
student_17,c02,2026-07-14 05:38:00,1,45.6
student_17,c07,2026-07-14 05:38:00,0,58.0
student_17,c04,2026-07-14 05:38:00,1,49.3
student_17,c02,2026-07-14 05:40:00,1,31.6
student_17,c04,2026-07-14 05:40:00,1,45.4
student_17,c02,2026-07-14 05:44:00,0,34.4
student_17,c04,2026-07-14 05:44:00,1,39.3
student_05,c11,2026-07-14 05:45:00,0,57.1
student_05,c05,2026-07-14 05:45:00,1,55.4
student_05,c10,2026-07-14 05:46:00,1,65.1
student_05,c01,2026-07-14 05:46:00,1,31.7
student_05,c01,2026-07-14 05:48:00,1,17.1
student_05,c10,2026-07-14 05:49:00,0,74.3
student_05,c05,2026-07-14 05:49:00,1,32.3
student_01,c03,2026-07-14 19:42:00,1,28.9
student_01,c01,2026-07-14 19:43:00,1,43.0
student_01,c05,2026-07-14 19:43:00,1,37.8
student_01,c05,2026-07-14 19:45:00,0,38.0
student_03,c02,2026-07-14 20:24:00,1,31.6
student_03,c01,2026-07-14 20:24:00,1,32.8
student_03,c05,2026-07-14 20:25:00,1,25.4
student_03,c01,2026-07-14 20:28:00,1,44.8
student_03,c01,2026-07-14 20:30:00,1,23.8
student_12,c05,2026-07-14 20:59:00,1,27.8
student_12,c02,2026-07-14 20:59:00,1,26.6
student_12,c02,2026-07-14 21:03:00,0,68.5
student_19,c09,2026-07-14 21:03:00,1,63.9
student_19,c01,2026-07-14 21:03:00,1,33.9
student_08,c08,2026-07-14 21:04:00,1,58.2
student_08,c06,2026-07-14 21:04:00,0,25.7
student_08,c06,2026-07-14 21:08:00,0,58.4
student_08,c06,2026-07-14 21:11:00,1,33.7
student_18,c06,2026-07-14 22:05:00,1,16.4
student_18,c04,2026-07-14 22:05:00,1,45.7
student_18,c12,2026-07-14 22:06:00,0,92.5
student_18,c12,2026-07-14 22:09:00,0,86.1
student_18,c04,2026-07-14 22:09:00,0,47.2
student_13,c09,2026-07-14 22:44:00,0,36.0
student_13,c12,2026-07-14 22:44:00,1,39.0
student_13,c05,2026-07-14 22:45:00,1,41.5
student_11,c06,2026-07-14 23:37:00,1,49.5
student_11,c05,2026-07-14 23:37:00,1,32.1
student_11,c12,2026-07-14 23:38:00,1,33.4
student_11,c12,2026-07-14 23:40:00,1,39.4
student_11,c06,2026-07-14 23:41:00,0,59.3
student_11,c12,2026-07-14 23:44:00,0,43.0
student_17,c01,2026-07-15 00:05:00,1,8.8
student_17,c08,2026-07-15 00:05:00,0,49.9
student_17,c11,2026-07-15 00:05:00,0,86.1
student_17,c06,2026-07-15 00:06:00,0,57.8
student_17,c01,2026-07-15 00:08:00,0,20.9
student_17,c11,2026-07-15 00:08:00,1,44.8
student_17,c08,2026-07-15 00:09:00,1,37.7
student_17,c08,2026-07-15 00:11:00,0,63.2
student_20,c04,2026-07-15 00:45:00,0,55.8
student_20,c12,2026-07-15 00:45:00,0,66.1
student_20,c10,2026-07-15 00:45:00,1,37.0
student_20,c04,2026-07-15 00:48:00,1,30.5
student_20,c04,2026-07-15 00:52:00,0,80.3
student_02,c02,2026-07-15 01:09:00,0,5.3
student_02,c01,2026-07-15 01:09:00,0,65.6
student_02,c01,2026-07-15 01:12:00,1,50.9
student_02,c01,2026-07-15 01:15:00,1,61.0
student_05,c04,2026-07-15 01:50:00,1,8.4
student_05,c07,2026-07-15 01:50:00,0,73.2
student_09,c07,2026-07-15 05:12:00,1,43.8
student_07,c02,2026-07-15 05:38:00,0,53.8
student_07,c06,2026-07-15 05:39:00,1,44.0
student_07,c07,2026-07-15 05:39:00,0,60.6
student_07,c02,2026-07-15 05:42:00,1,39.0
student_07,c02,2026-07-15 05:45:00,1,41.4
student_13,c02,2026-07-15 19:08:00,1,45.5
student_13,c11,2026-07-15 19:08:00,1,49.7
student_13,c03,2026-07-15 19:09:00,1,45.4
student_13,c11,2026-07-15 19:12:00,0,48.1
student_05,c08,2026-07-15 19:26:00,1,36.8
student_05,c03,2026-07-15 19:27:00,1,40.1
student_05,c12,2026-07-15 19:27:00,0,55.5
student_05,c03,2026-07-15 19:29:00,1,49.2
student_09,c03,2026-07-15 20:28:00,1,23.1
student_09,c05,2026-07-15 20:28:00,1,56.9
student_09,c05,2026-07-15 20:31:00,0,44.1
student_02,c09,2026-07-15 22:32:00,1,22.3
student_02,c08,2026-07-15 22:32:00,1,56.9
student_02,c04,2026-07-15 22:33:00,1,28.1
student_02,c12,2026-07-15 22:33:00,0,77.4
student_02,c04,2026-07-15 22:35:00,1,43.3
student_02,c09,2026-07-15 22:36:00,1,43.7
student_17,c08,2026-07-16 00:38:00,0,59.9
student_14,c12,2026-07-16 01:16:00,1,42.8
student_14,c04,2026-07-16 01:17:00,1,35.9
student_14,c03,2026-07-16 01:17:00,1,16.3
student_14,c12,2026-07-16 01:20:00,1,43.2
student_03,c04,2026-07-16 02:01:00,1,41.6
student_03,c01,2026-07-16 02:02:00,1,32.3
student_03,c08,2026-07-16 02:02:00,1,37.2
student_03,c01,2026-07-16 02:04:00,1,31.5
student_19,c08,2026-07-16 03:12:00,0,84.3
student_19,c08,2026-07-16 03:15:00,0,68.8
student_18,c02,2026-07-16 04:32:00,1,31.7
student_18,c03,2026-07-16 04:33:00,0,33.5
student_18,c11,2026-07-16 04:33:00,1,46.9
student_18,c03,2026-07-16 04:36:00,1,29.4
student_18,c11,2026-07-16 04:36:00,1,51.0
student_08,c10,2026-07-16 04:41:00,0,67.7
student_08,c01,2026-07-16 04:42:00,1,33.2
student_08,c10,2026-07-16 04:44:00,0,39.0
student_08,c01,2026-07-16 04:45:00,1,44.3
student_16,c08,2026-07-16 05:51:00,1,36.4
student_16,c08,2026-07-16 05:54:00,1,37.5
student_16,c08,2026-07-16 05:56:00,1,59.8
student_11,c04,2026-07-16 06:18:00,1,41.8
student_11,c12,2026-07-16 06:18:00,1,51.4
student_11,c12,2026-07-16 06:21:00,1,32.9
student_01,c04,2026-07-16 06:42:00,1,50.7
student_19,c03,2026-07-16 21:02:00,1,48.1
student_19,c06,2026-07-16 21:02:00,1,47.3
student_19,c03,2026-07-16 21:05:00,1,21.1
student_01,c04,2026-07-16 21:10:00,1,45.8
student_05,c05,2026-07-16 21:21:00,1,64.0
student_05,c03,2026-07-16 21:21:00,1,39.9
student_05,c13,2026-07-16 21:22:00,0,72.6
student_05,c05,2026-07-16 21:24:00,0,68.1
student_05,c13,2026-07-16 21:25:00,1,51.8
student_05,c03,2026-07-16 21:25:00,1,29.0
student_05,c13,2026-07-16 21:28:00,1,42.9
student_13,c07,2026-07-16 23:30:00,1,36.7
student_13,c13,2026-07-16 23:30:00,1,61.3
student_13,c03,2026-07-16 23:30:00,1,27.6
student_13,c07,2026-07-16 23:34:00,1,36.5
student_13,c13,2026-07-16 23:34:00,1,44.9
student_13,c03,2026-07-16 23:34:00,1,39.9
student_13,c07,2026-07-16 23:37:00,1,43.3
student_08,c01,2026-07-17 03:08:00,1,49.7
student_17,c03,2026-07-17 03:51:00,0,52.7
student_17,c05,2026-07-17 03:52:00,1,34.5
student_17,c04,2026-07-17 03:52:00,0,52.6
student_17,c04,2026-07-17 03:54:00,0,32.2
student_17,c03,2026-07-17 03:54:00,1,45.2
student_17,c05,2026-07-17 03:55:00,1,38.6
student_03,c09,2026-07-17 04:58:00,0,76.6
student_03,c01,2026-07-17 04:58:00,1,45.3
student_03,c09,2026-07-17 05:02:00,1,30.1
student_15,c13,2026-07-17 05:03:00,0,68.3
student_03,c09,2026-07-17 05:05:00,1,46.9
student_09,c04,2026-07-17 05:28:00,0,54.4
student_09,c02,2026-07-17 05:28:00,1,38.6
student_09,c12,2026-07-17 05:29:00,0,52.4
student_09,c02,2026-07-17 05:32:00,1,45.8
student_08,c02,2026-07-17 18:20:00,1,41.8
student_08,c11,2026-07-17 18:20:00,1,24.0
student_18,c01,2026-07-17 20:10:00,1,26.5
student_18,c11,2026-07-17 20:10:00,1,32.5
student_18,c01,2026-07-17 20:12:00,0,49.3
student_18,c01,2026-07-17 20:16:00,1,21.7
student_12,c06,2026-07-17 20:35:00,1,34.2
student_12,c10,2026-07-17 20:35:00,0,40.9
student_13,c14,2026-07-17 21:01:00,0,67.7
student_13,c07,2026-07-17 21:02:00,1,49.5
student_13,c14,2026-07-17 21:04:00,1,59.9
student_13,c07,2026-07-17 21:05:00,1,42.8
student_13,c07,2026-07-17 21:08:00,1,27.8
student_05,c09,2026-07-17 21:49:00,1,58.4
student_05,c13,2026-07-17 21:49:00,1,48.3
student_05,c13,2026-07-17 21:51:00,1,55.2
student_11,c06,2026-07-17 22:18:00,1,32.1
student_11,c09,2026-07-17 22:18:00,0,53.0
student_11,c01,2026-07-17 22:18:00,1,29.5
student_11,c06,2026-07-17 22:20:00,1,36.8
student_07,c12,2026-07-17 23:38:00,1,38.4
student_07,c04,2026-07-17 23:38:00,1,21.2
student_14,c03,2026-07-18 00:49:00,1,56.2
student_14,c08,2026-07-18 00:49:00,0,61.6
student_14,c09,2026-07-18 00:50:00,0,76.5
student_14,c12,2026-07-18 00:50:00,1,33.9
student_14,c03,2026-07-18 00:52:00,1,36.4
student_14,c08,2026-07-18 00:52:00,0,32.9
student_02,c07,2026-07-18 04:40:00,1,31.2
student_02,c06,2026-07-18 04:40:00,1,36.3
student_02,c13,2026-07-18 04:41:00,0,53.5
student_02,c09,2026-07-18 04:41:00,1,47.7
student_02,c07,2026-07-18 04:43:00,1,42.3
student_02,c06,2026-07-18 04:44:00,1,53.4
student_02,c13,2026-07-18 04:44:00,1,66.5
student_02,c07,2026-07-18 04:47:00,0,45.8
student_02,c06,2026-07-18 04:47:00,1,36.0
student_01,c10,2026-07-18 05:46:00,0,58.3
student_01,c05,2026-07-18 05:47:00,1,52.9
student_01,c02,2026-07-18 05:47:00,1,34.1
student_01,c02,2026-07-18 05:49:00,1,31.1
student_01,c10,2026-07-18 05:50:00,0,87.3
student_01,c10,2026-07-18 05:52:00,0,74.6
student_01,c02,2026-07-18 05:53:00,0,38.1
student_17,c09,2026-07-18 18:18:00,1,47.6
student_17,c09,2026-07-18 18:21:00,1,53.3
student_10,c11,2026-07-19 01:01:00,0,78.8
student_10,c11,2026-07-19 01:04:00,1,51.7
student_01,c08,2026-07-19 01:08:00,0,85.7
student_01,c03,2026-07-19 01:08:00,1,28.6
student_19,c02,2026-07-19 02:05:00,1,33.2
student_19,c06,2026-07-19 02:05:00,1,46.6
student_15,c11,2026-07-19 02:57:00,1,39.5
student_15,c02,2026-07-19 02:57:00,1,33.2
student_15,c11,2026-07-19 03:00:00,1,37.4
student_13,c09,2026-07-19 04:30:00,1,66.3
student_13,c06,2026-07-19 04:30:00,0,66.0
student_13,c08,2026-07-19 04:31:00,0,80.1
student_13,c09,2026-07-19 04:33:00,1,42.1
student_13,c06,2026-07-19 04:33:00,0,66.0
student_13,c09,2026-07-19 04:37:00,1,45.8
student_02,c11,2026-07-19 05:41:00,0,25.6
student_02,c13,2026-07-19 05:41:00,1,47.0
student_05,c01,2026-07-19 05:41:00,1,35.5
student_05,c02,2026-07-19 05:41:00,0,81.4
student_05,c02,2026-07-19 05:44:00,1,37.4
student_02,c11,2026-07-19 05:45:00,1,31.4
student_02,c13,2026-07-19 05:45:00,1,42.8
student_05,c02,2026-07-19 05:47:00,1,29.6
student_02,c11,2026-07-19 05:48:00,1,30.9
student_03,c03,2026-07-19 06:13:00,0,41.5
student_03,c04,2026-07-19 06:14:00,1,25.3
student_03,c03,2026-07-19 06:16:00,1,25.3
student_08,c08,2026-07-19 06:43:00,1,55.6
student_08,c07,2026-07-19 06:43:00,0,71.0
student_08,c08,2026-07-19 06:46:00,1,41.9
student_08,c07,2026-07-19 06:47:00,1,51.5
student_08,c08,2026-07-19 06:49:00,1,50.8
student_06,c09,2026-07-19 06:50:00,1,36.2
student_06,c01,2026-07-19 06:50:00,1,38.6
student_06,c09,2026-07-19 06:54:00,0,44.3
student_06,c09,2026-07-19 06:56:00,0,43.5
student_07,c11,2026-07-19 21:19:00,0,16.7
student_07,c07,2026-07-19 21:20:00,1,55.8
student_07,c11,2026-07-19 21:22:00,0,49.9
student_07,c07,2026-07-19 21:22:00,0,45.5
student_03,c07,2026-07-19 22:07:00,1,54.5
student_03,c08,2026-07-19 22:07:00,1,43.1
student_03,c01,2026-07-19 22:08:00,1,23.3
student_03,c03,2026-07-19 22:08:00,0,21.5
student_03,c07,2026-07-19 22:10:00,0,28.2
student_03,c01,2026-07-19 22:10:00,1,28.6
student_04,c08,2026-07-19 22:39:00,0,44.5
student_04,c07,2026-07-19 22:39:00,1,54.3
student_04,c11,2026-07-19 22:39:00,1,42.4
student_04,c08,2026-07-19 22:42:00,1,31.2
student_04,c07,2026-07-19 22:43:00,0,92.5
student_09,c01,2026-07-20 00:10:00,1,24.4
student_15,c08,2026-07-20 00:33:00,1,43.1
student_15,c02,2026-07-20 00:34:00,1,37.8
student_15,c02,2026-07-20 00:36:00,1,53.8
student_13,c07,2026-07-20 00:57:00,1,52.1
student_13,c08,2026-07-20 00:58:00,0,73.3
student_13,c15,2026-07-20 00:58:00,0,37.1
student_19,c05,2026-07-20 01:00:00,0,25.0
student_13,c15,2026-07-20 01:01:00,1,45.9
student_19,c10,2026-07-20 01:01:00,1,42.9
student_19,c02,2026-07-20 01:01:00,1,30.3
student_19,c05,2026-07-20 01:03:00,1,33.0
student_13,c15,2026-07-20 01:04:00,1,54.0
student_19,c05,2026-07-20 01:07:00,1,30.1
student_14,c08,2026-07-20 01:18:00,1,52.3
student_14,c06,2026-07-20 01:18:00,1,40.7
student_14,c08,2026-07-20 01:20:00,0,55.1
student_14,c08,2026-07-20 01:23:00,1,55.6
student_05,c04,2026-07-20 01:57:00,1,18.0
student_05,c04,2026-07-20 01:59:00,1,46.5
student_18,c03,2026-07-20 03:41:00,1,46.2
student_18,c01,2026-07-20 03:42:00,0,45.4
student_18,c01,2026-07-20 03:45:00,1,32.8
student_08,c12,2026-07-20 05:40:00,1,35.3
student_08,c01,2026-07-20 05:41:00,1,27.6
student_08,c12,2026-07-20 05:44:00,1,36.2
student_18,c07,2026-07-20 18:01:00,1,30.5
student_18,c05,2026-07-20 18:01:00,1,31.7
student_18,c03,2026-07-20 18:01:00,1,49.4
student_18,c11,2026-07-20 18:02:00,1,42.1
student_18,c07,2026-07-20 18:04:00,1,34.2
student_18,c11,2026-07-20 18:05:00,1,22.1
student_18,c07,2026-07-20 18:07:00,1,55.5
student_16,c03,2026-07-20 19:23:00,1,43.0
student_16,c12,2026-07-20 19:23:00,0,29.7
student_16,c01,2026-07-20 19:23:00,1,39.7
student_16,c04,2026-07-20 19:23:00,0,40.8
student_16,c03,2026-07-20 19:25:00,1,20.7
student_16,c01,2026-07-20 19:25:00,1,27.7
student_16,c04,2026-07-20 19:25:00,1,41.8
student_01,c10,2026-07-20 22:58:00,0,68.9
student_01,c12,2026-07-20 22:58:00,1,49.3
student_01,c07,2026-07-20 22:58:00,1,42.3
student_15,c08,2026-07-20 22:59:00,0,83.6
student_15,c04,2026-07-20 22:59:00,1,30.5
student_15,c06,2026-07-20 22:59:00,1,33.6
student_01,c12,2026-07-20 23:01:00,0,44.2
student_15,c04,2026-07-20 23:01:00,1,35.1
student_03,c04,2026-07-20 23:21:00,1,50.8
student_03,c03,2026-07-20 23:21:00,1,41.7
student_03,c04,2026-07-20 23:24:00,1,37.0
student_17,c04,2026-07-21 01:17:00,1,37.2
student_17,c03,2026-07-21 01:17:00,0,86.0
student_17,c06,2026-07-21 01:18:00,1,49.4
student_17,c03,2026-07-21 01:20:00,1,36.5
student_08,c04,2026-07-21 02:38:00,1,64.6
student_08,c04,2026-07-21 02:41:00,0,43.0
student_13,c14,2026-07-21 04:29:00,0,67.8
student_13,c01,2026-07-21 04:30:00,1,18.6
student_13,c04,2026-07-21 04:30:00,1,26.1
student_13,c01,2026-07-21 04:33:00,1,38.4
student_13,c01,2026-07-21 04:35:00,1,32.7
student_09,c07,2026-07-21 06:44:00,1,48.3
student_09,c01,2026-07-21 06:44:00,1,32.7
student_09,c06,2026-07-21 06:45:00,1,46.2
student_09,c07,2026-07-21 06:47:00,0,69.5
student_09,c01,2026-07-21 06:47:00,1,26.7
student_12,c10,2026-07-21 18:56:00,0,102.7
student_12,c01,2026-07-21 18:56:00,1,17.3
student_12,c01,2026-07-21 18:59:00,0,32.0
student_04,c06,2026-07-21 19:20:00,1,40.5
student_04,c04,2026-07-21 19:20:00,0,26.8
student_04,c07,2026-07-21 19:20:00,1,21.5
student_08,c08,2026-07-21 19:22:00,1,47.9
student_04,c06,2026-07-21 19:23:00,1,55.7
student_08,c12,2026-07-21 19:23:00,0,46.6
student_04,c06,2026-07-21 19:26:00,0,100.8
student_08,c12,2026-07-21 19:26:00,1,37.8
student_07,c08,2026-07-21 21:27:00,0,89.3
student_07,c12,2026-07-21 21:27:00,0,66.5
student_07,c09,2026-07-21 21:28:00,0,55.0
student_07,c09,2026-07-21 21:30:00,1,39.5
student_07,c12,2026-07-21 21:31:00,1,67.9
student_11,c05,2026-07-21 22:40:00,1,43.1
student_11,c03,2026-07-21 22:40:00,0,54.0
student_11,c05,2026-07-21 22:44:00,0,68.4
student_11,c05,2026-07-21 22:47:00,0,81.7
student_10,c07,2026-07-21 22:54:00,1,40.6
student_14,c08,2026-07-22 02:31:00,1,58.3
student_14,c02,2026-07-22 02:31:00,1,44.8
student_14,c06,2026-07-22 02:32:00,1,44.9
student_14,c10,2026-07-22 02:32:00,1,43.9
student_14,c02,2026-07-22 02:34:00,1,27.5
student_15,c06,2026-07-22 05:02:00,1,35.6
student_15,c06,2026-07-22 05:05:00,1,43.2
student_15,c06,2026-07-22 05:09:00,0,38.7
student_19,c09,2026-07-22 05:23:00,0,45.5
student_19,c10,2026-07-22 05:23:00,0,82.4
student_19,c07,2026-07-22 05:23:00,0,64.7
student_19,c09,2026-07-22 05:25:00,1,30.4
student_19,c10,2026-07-22 05:26:00,0,42.3
student_19,c07,2026-07-22 05:26:00,0,71.1
student_19,c07,2026-07-22 05:28:00,0,71.4
student_13,c14,2026-07-22 06:13:00,1,64.7
student_13,c08,2026-07-22 06:14:00,1,57.6
student_01,c08,2026-07-22 06:16:00,1,45.6
student_13,c08,2026-07-22 06:16:00,0,48.4
student_01,c12,2026-07-22 06:17:00,1,57.8
student_01,c01,2026-07-22 06:17:00,1,24.8
student_13,c14,2026-07-22 06:17:00,0,43.6
student_01,c01,2026-07-22 06:19:00,1,35.5
student_19,c10,2026-07-22 18:12:00,0,56.9
student_19,c08,2026-07-22 18:13:00,0,19.1
student_19,c10,2026-07-22 18:16:00,0,85.1
student_08,c04,2026-07-22 18:41:00,1,46.1
student_08,c10,2026-07-22 18:42:00,0,50.8
student_08,c04,2026-07-22 18:44:00,1,33.8
student_07,c05,2026-07-22 20:16:00,0,61.3
student_07,c07,2026-07-22 20:16:00,1,36.5
student_07,c12,2026-07-22 20:17:00,1,44.4
student_07,c12,2026-07-22 20:20:00,1,44.9
student_10,c10,2026-07-22 20:58:00,0,58.8
student_10,c07,2026-07-22 20:58:00,1,45.9
student_09,c04,2026-07-22 21:09:00,1,38.9
student_09,c04,2026-07-22 21:11:00,1,48.7
student_09,c04,2026-07-22 21:15:00,0,56.5
student_01,c03,2026-07-22 21:21:00,1,28.0
student_01,c12,2026-07-22 21:22:00,1,28.7
student_01,c03,2026-07-22 21:25:00,1,37.7
student_11,c09,2026-07-22 21:37:00,0,50.1
student_11,c12,2026-07-22 21:38:00,1,42.4
student_05,c05,2026-07-22 23:41:00,0,65.5
student_05,c01,2026-07-22 23:41:00,1,18.1
student_05,c09,2026-07-22 23:42:00,0,48.7
student_05,c11,2026-07-22 23:42:00,0,66.9
student_05,c01,2026-07-22 23:44:00,1,31.0
student_05,c11,2026-07-22 23:44:00,1,36.2
student_05,c05,2026-07-22 23:45:00,0,49.3
student_14,c01,2026-07-23 01:49:00,0,41.9
student_14,c09,2026-07-23 01:49:00,1,35.5
student_14,c11,2026-07-23 01:50:00,1,51.2
student_14,c01,2026-07-23 01:52:00,0,23.8
student_14,c09,2026-07-23 01:52:00,1,49.7
student_12,c11,2026-07-23 02:31:00,0,40.9
student_12,c02,2026-07-23 02:31:00,0,61.2
student_12,c01,2026-07-23 02:32:00,1,33.6
student_12,c02,2026-07-23 02:34:00,1,33.3
student_12,c02,2026-07-23 02:37:00,0,49.0
student_14,c03,2026-07-23 18:09:00,1,66.8
student_14,c07,2026-07-23 18:10:00,0,69.4
student_05,c14,2026-07-23 20:38:00,1,61.4
student_05,c03,2026-07-23 20:38:00,1,40.0
student_05,c05,2026-07-23 20:39:00,0,43.5
student_05,c14,2026-07-23 20:41:00,1,37.7
student_05,c03,2026-07-23 20:41:00,1,32.3
student_05,c05,2026-07-23 20:42:00,1,56.6
student_05,c05,2026-07-23 20:44:00,1,47.8
student_04,c04,2026-07-23 21:08:00,1,27.1
student_09,c07,2026-07-23 21:15:00,1,58.6
student_09,c11,2026-07-23 21:16:00,1,25.3
student_09,c07,2026-07-23 21:18:00,1,48.3
student_09,c11,2026-07-23 21:19:00,1,59.1
student_09,c07,2026-07-23 21:22:00,0,65.2
student_13,c06,2026-07-23 21:48:00,0,58.9
student_13,c03,2026-07-23 21:49:00,1,42.4
student_13,c03,2026-07-23 21:51:00,1,27.0
student_11,c06,2026-07-23 21:54:00,1,13.3
student_11,c04,2026-07-23 21:54:00,1,47.5
student_11,c12,2026-07-23 21:54:00,0,57.2
student_11,c13,2026-07-23 21:55:00,0,48.2
student_11,c12,2026-07-23 21:57:00,1,64.9
student_11,c13,2026-07-23 21:58:00,1,42.3
student_03,c04,2026-07-23 22:53:00,0,46.2
student_03,c06,2026-07-23 22:53:00,1,38.9
student_03,c03,2026-07-23 22:54:00,1,32.8
student_19,c05,2026-07-23 23:00:00,1,37.0
student_19,c05,2026-07-23 23:03:00,1,31.6
student_18,c13,2026-07-24 01:07:00,1,53.2
student_18,c06,2026-07-24 01:07:00,1,26.0
student_18,c03,2026-07-24 01:07:00,1,35.0
student_18,c03,2026-07-24 01:09:00,0,17.9
student_18,c13,2026-07-24 01:10:00,0,90.4
student_08,c06,2026-07-24 01:13:00,1,35.1
student_08,c01,2026-07-24 01:13:00,1,27.1
student_08,c04,2026-07-24 01:13:00,1,40.1
student_08,c12,2026-07-24 01:14:00,0,52.1
student_12,c12,2026-07-24 02:05:00,1,44.9
student_12,c09,2026-07-24 02:05:00,1,36.9
student_12,c02,2026-07-24 02:05:00,0,55.8
student_12,c01,2026-07-24 02:05:00,1,39.3
student_01,c09,2026-07-24 02:09:00,0,58.6
student_01,c03,2026-07-24 02:09:00,1,35.4
student_12,c09,2026-07-24 02:09:00,1,50.8
student_01,c05,2026-07-24 02:10:00,1,48.5
student_01,c08,2026-07-24 02:10:00,1,45.1
student_12,c09,2026-07-24 02:12:00,1,42.0
student_01,c03,2026-07-24 02:13:00,1,23.5
student_01,c08,2026-07-24 02:13:00,1,57.8
student_01,c03,2026-07-24 02:15:00,1,29.9
student_07,c12,2026-07-24 02:28:00,1,36.4
student_07,c04,2026-07-24 02:29:00,1,47.8
student_07,c03,2026-07-24 02:29:00,0,79.6
student_07,c05,2026-07-24 02:29:00,1,48.6
student_07,c03,2026-07-24 02:31:00,0,69.2
student_07,c12,2026-07-24 02:31:00,1,54.6
student_07,c03,2026-07-24 02:34:00,0,60.4
student_15,c07,2026-07-24 03:41:00,1,36.4
student_15,c14,2026-07-24 03:42:00,1,44.0
student_15,c12,2026-07-24 03:42:00,1,34.4
student_15,c07,2026-07-24 03:44:00,1,50.3
student_15,c12,2026-07-24 03:44:00,0,55.9
student_17,c10,2026-07-24 04:55:00,0,52.2
student_17,c09,2026-07-24 04:56:00,0,50.8
student_17,c01,2026-07-24 04:56:00,1,23.4
student_17,c06,2026-07-24 04:56:00,1,22.1
student_19,c09,2026-07-24 19:12:00,1,20.5
student_19,c11,2026-07-24 19:12:00,1,22.4
student_19,c04,2026-07-24 19:13:00,0,64.5
student_19,c11,2026-07-24 19:16:00,1,42.6
student_03,c01,2026-07-24 19:52:00,1,31.6
student_03,c01,2026-07-24 19:56:00,1,23.2
student_10,c12,2026-07-24 20:51:00,1,49.9
student_15,c05,2026-07-24 21:07:00,1,32.5
student_15,c15,2026-07-24 21:08:00,1,29.1
student_15,c04,2026-07-24 21:08:00,1,32.0
student_15,c15,2026-07-24 21:11:00,0,50.7
student_08,c11,2026-07-24 21:20:00,0,61.2
student_08,c06,2026-07-24 21:21:00,0,39.6
student_09,c13,2026-07-25 01:24:00,1,52.8
student_14,c03,2026-07-25 01:51:00,1,40.5
student_14,c11,2026-07-25 01:52:00,0,38.0
student_14,c11,2026-07-25 01:55:00,0,16.3
student_07,c10,2026-07-25 02:18:00,1,27.5
student_13,c16,2026-07-25 03:00:00,0,86.7
student_13,c16,2026-07-25 03:02:00,0,66.3
student_05,c08,2026-07-25 03:40:00,0,86.5
student_05,c10,2026-07-25 03:41:00,1,55.4
student_05,c10,2026-07-25 03:44:00,1,39.7
student_11,c07,2026-07-25 06:19:00,1,31.4
student_01,c12,2026-07-25 06:40:00,1,33.5
student_01,c08,2026-07-25 06:41:00,1,35.1
student_01,c12,2026-07-25 06:44:00,1,46.4
student_17,c12,2026-07-25 19:03:00,1,47.0
student_17,c01,2026-07-25 19:04:00,1,35.3
student_17,c10,2026-07-25 19:04:00,1,34.3
student_17,c01,2026-07-25 19:06:00,1,38.3
student_01,c10,2026-07-25 19:11:00,1,54.2
student_01,c08,2026-07-25 19:12:00,1,45.8
student_15,c13,2026-07-25 20:48:00,0,43.2
student_15,c04,2026-07-25 20:48:00,0,84.2
student_15,c13,2026-07-25 20:51:00,0,30.2
student_15,c04,2026-07-25 20:52:00,0,46.7
student_11,c07,2026-07-25 20:58:00,1,30.3
student_02,c09,2026-07-25 23:13:00,1,45.7
student_02,c06,2026-07-25 23:13:00,1,32.7
student_02,c09,2026-07-25 23:16:00,1,50.0
student_02,c06,2026-07-25 23:16:00,1,22.3
student_02,c06,2026-07-25 23:19:00,1,51.7
student_06,c09,2026-07-26 00:08:00,0,82.8
student_06,c08,2026-07-26 00:08:00,0,97.5
student_06,c12,2026-07-26 00:08:00,0,60.6
student_06,c12,2026-07-26 00:11:00,1,28.4
student_05,c08,2026-07-26 00:32:00,0,70.7
student_13,c13,2026-07-26 01:08:00,1,44.2
student_16,c13,2026-07-26 02:08:00,1,35.3
student_16,c13,2026-07-26 02:11:00,0,81.9
student_08,c07,2026-07-26 02:25:00,0,64.4
student_08,c11,2026-07-26 02:26:00,1,39.4
student_08,c11,2026-07-26 02:29:00,0,58.6
student_03,c04,2026-07-26 03:38:00,1,40.5
student_03,c01,2026-07-26 03:39:00,1,22.5
student_03,c02,2026-07-26 03:39:00,1,33.1
student_03,c01,2026-07-26 03:41:00,0,50.6
student_03,c04,2026-07-26 03:41:00,1,33.7
student_03,c01,2026-07-26 03:44:00,0,28.7
student_07,c04,2026-07-26 03:48:00,1,37.4
student_07,c07,2026-07-26 03:48:00,1,53.1
student_07,c13,2026-07-26 03:48:00,1,45.0
student_18,c05,2026-07-26 03:49:00,1,26.4
student_18,c07,2026-07-26 03:49:00,1,26.1
student_07,c13,2026-07-26 03:51:00,0,31.1
student_10,c02,2026-07-26 03:51:00,1,41.4
student_10,c07,2026-07-26 03:51:00,1,47.9
student_07,c07,2026-07-26 03:52:00,0,73.1
student_18,c05,2026-07-26 03:53:00,0,83.6
student_07,c13,2026-07-26 03:54:00,0,41.3
student_07,c07,2026-07-26 03:55:00,1,51.2
student_10,c07,2026-07-26 03:55:00,0,25.6
student_09,c12,2026-07-26 05:52:00,1,56.9
student_09,c06,2026-07-26 05:52:00,1,32.7
student_09,c11,2026-07-26 05:53:00,1,25.4
student_09,c06,2026-07-26 05:56:00,1,38.5
student_09,c06,2026-07-26 05:59:00,0,56.6
student_19,c10,2026-07-26 06:40:00,1,64.9
student_19,c03,2026-07-26 06:40:00,1,33.8
student_19,c12,2026-07-26 06:41:00,1,41.6
student_19,c12,2026-07-26 06:43:00,1,54.9
student_19,c10,2026-07-26 06:44:00,1,53.1
student_19,c10,2026-07-26 06:46:00,0,50.0
student_09,c11,2026-07-26 18:09:00,1,44.4
student_09,c05,2026-07-26 18:10:00,1,56.3
student_09,c05,2026-07-26 18:12:00,0,70.4
student_09,c05,2026-07-26 18:15:00,1,45.3
student_13,c06,2026-07-26 18:38:00,0,29.1
student_13,c15,2026-07-26 18:39:00,0,32.1
student_13,c08,2026-07-26 18:39:00,1,53.1
student_13,c15,2026-07-26 18:41:00,0,51.0
student_13,c06,2026-07-26 18:41:00,0,35.9
student_13,c08,2026-07-26 18:41:00,1,38.4
student_13,c15,2026-07-26 18:44:00,1,40.3
student_13,c06,2026-07-26 18:44:00,1,51.2
student_13,c08,2026-07-26 18:45:00,1,42.7
student_11,c12,2026-07-26 20:56:00,1,33.3
student_11,c03,2026-07-26 20:57:00,1,45.3
student_11,c12,2026-07-26 21:00:00,1,41.2
student_11,c12,2026-07-26 21:03:00,1,43.4
student_10,c01,2026-07-26 21:13:00,0,56.0
student_10,c05,2026-07-26 21:14:00,1,42.9
student_10,c05,2026-07-26 21:16:00,0,53.8
student_18,c12,2026-07-26 22:51:00,0,57.2
student_18,c02,2026-07-26 22:51:00,1,33.7
student_18,c07,2026-07-26 22:51:00,1,53.2
student_18,c12,2026-07-26 22:55:00,0,84.0
student_14,c12,2026-07-26 23:34:00,1,36.6
student_14,c10,2026-07-26 23:35:00,1,72.5
student_14,c09,2026-07-26 23:35:00,1,47.3
student_14,c12,2026-07-26 23:37:00,1,39.7
student_14,c09,2026-07-26 23:37:00,0,66.2
student_16,c02,2026-07-27 00:35:00,1,36.5
student_16,c02,2026-07-27 00:37:00,0,49.1
student_03,c08,2026-07-27 03:40:00,1,46.9
student_03,c07,2026-07-27 03:40:00,1,45.2
student_03,c09,2026-07-27 03:40:00,0,42.9
student_03,c09,2026-07-27 03:44:00,1,44.8
student_03,c09,2026-07-27 03:47:00,1,34.0
student_19,c02,2026-07-27 04:26:00,1,29.2
student_19,c04,2026-07-27 04:26:00,0,52.3
student_19,c10,2026-07-27 04:27:00,1,48.2
student_19,c02,2026-07-27 04:29:00,0,60.9
student_19,c10,2026-07-27 04:29:00,1,52.4
student_19,c04,2026-07-27 04:29:00,1,29.3
student_17,c12,2026-07-27 05:12:00,1,49.9
student_17,c12,2026-07-27 05:15:00,0,49.0
student_01,c04,2026-07-27 06:41:00,0,64.7
student_01,c07,2026-07-27 06:42:00,1,50.4
student_01,c02,2026-07-27 06:42:00,1,12.3
student_01,c04,2026-07-27 06:44:00,1,43.3
student_01,c02,2026-07-27 06:44:00,0,43.1
student_01,c07,2026-07-27 06:45:00,1,35.6
student_01,c01,2026-07-27 18:06:00,1,34.9
student_01,c10,2026-07-27 18:07:00,1,35.5
student_01,c12,2026-07-27 18:07:00,0,37.8
student_01,c10,2026-07-27 18:09:00,1,36.1
student_01,c10,2026-07-27 18:12:00,0,31.1
student_13,c08,2026-07-27 18:33:00,1,56.9
student_13,c08,2026-07-27 18:36:00,1,40.3
student_18,c12,2026-07-27 18:38:00,0,45.1
student_18,c08,2026-07-27 18:38:00,0,59.8
student_18,c12,2026-07-27 18:42:00,1,32.2
student_17,c08,2026-07-27 18:59:00,0,68.3
student_17,c08,2026-07-27 19:02:00,0,62.4
student_17,c08,2026-07-27 19:04:00,1,50.3
student_04,c12,2026-07-27 20:01:00,0,45.8
student_04,c07,2026-07-27 20:01:00,1,27.9
student_04,c05,2026-07-27 20:01:00,0,31.8
student_03,c05,2026-07-27 20:03:00,1,45.2
student_03,c01,2026-07-27 20:03:00,1,37.2
student_04,c05,2026-07-27 20:04:00,1,44.0
student_03,c05,2026-07-27 20:05:00,1,8.0
student_03,c01,2026-07-27 20:05:00,1,17.2
student_04,c12,2026-07-27 20:05:00,1,53.0
student_04,c05,2026-07-27 20:07:00,0,48.6
student_12,c04,2026-07-27 21:31:00,1,38.6
student_08,c11,2026-07-27 21:48:00,1,33.7
student_08,c10,2026-07-27 21:48:00,1,39.6
student_19,c06,2026-07-27 22:14:00,1,37.7
student_19,c02,2026-07-27 22:15:00,1,53.2
student_19,c06,2026-07-27 22:17:00,1,50.9
student_19,c02,2026-07-27 22:18:00,1,28.5
student_19,c02,2026-07-27 22:21:00,1,37.6
student_15,c09,2026-07-28 05:37:00,1,44.0
student_15,c14,2026-07-28 05:38:00,0,46.9
student_15,c09,2026-07-28 05:40:00,1,30.5
student_11,c07,2026-07-28 18:05:00,1,56.4
student_11,c08,2026-07-28 18:06:00,1,39.7
student_11,c08,2026-07-28 18:08:00,0,59.9
student_11,c07,2026-07-28 18:09:00,1,43.7
student_18,c14,2026-07-28 18:46:00,1,36.2
student_18,c01,2026-07-28 18:46:00,1,19.9
student_18,c08,2026-07-28 18:46:00,1,37.2
student_18,c01,2026-07-28 18:48:00,1,35.3
student_14,c07,2026-07-28 19:45:00,0,81.0
student_14,c12,2026-07-28 19:46:00,1,43.7
student_14,c07,2026-07-28 19:48:00,1,45.3
student_14,c07,2026-07-28 19:52:00,0,46.3
student_15,c04,2026-07-28 21:01:00,1,50.7
student_15,c11,2026-07-28 21:01:00,0,49.6
student_15,c14,2026-07-28 21:01:00,1,49.5
student_15,c04,2026-07-28 21:05:00,1,55.5
student_16,c04,2026-07-28 21:33:00,1,57.0
student_16,c01,2026-07-28 21:34:00,1,29.4
student_01,c07,2026-07-28 23:27:00,1,31.2
student_01,c09,2026-07-28 23:27:00,0,98.6
student_02,c03,2026-07-29 00:53:00,1,30.6
student_02,c05,2026-07-29 00:54:00,0,60.9
student_02,c01,2026-07-29 00:54:00,1,51.3
student_04,c07,2026-07-29 02:41:00,1,8.0
student_04,c11,2026-07-29 02:41:00,0,35.6
student_13,c02,2026-07-29 04:30:00,1,67.3
student_13,c05,2026-07-29 04:31:00,1,47.4
student_13,c02,2026-07-29 04:33:00,1,38.5
student_13,c05,2026-07-29 04:34:00,1,22.5
student_13,c02,2026-07-29 04:37:00,1,45.7
student_08,c13,2026-07-29 05:24:00,1,35.0
student_08,c08,2026-07-29 05:25:00,1,48.7
student_17,c13,2026-07-29 06:01:00,1,53.5
student_17,c11,2026-07-29 06:01:00,0,97.3
student_17,c12,2026-07-29 06:01:00,1,51.9
student_17,c13,2026-07-29 06:04:00,1,43.9
student_17,c12,2026-07-29 06:04:00,1,45.9
student_03,c04,2026-07-29 06:25:00,1,41.5
student_03,c03,2026-07-29 06:26:00,0,75.6
student_03,c12,2026-07-29 06:26:00,1,44.3
student_03,c03,2026-07-29 06:28:00,1,39.7
student_08,c07,2026-07-29 21:27:00,1,57.4
student_08,c10,2026-07-29 21:27:00,1,57.5
student_14,c08,2026-07-29 23:25:00,1,45.7
student_14,c07,2026-07-29 23:25:00,0,61.9
student_14,c08,2026-07-29 23:27:00,1,52.4
student_14,c07,2026-07-29 23:27:00,1,45.5
student_20,c03,2026-07-29 23:50:00,1,37.9
student_20,c08,2026-07-29 23:51:00,1,41.6
student_20,c01,2026-07-29 23:51:00,1,36.9
student_20,c01,2026-07-29 23:53:00,1,24.5
student_20,c03,2026-07-29 23:54:00,0,5.0
student_03,c13,2026-07-30 01:02:00,1,58.4
student_03,c03,2026-07-30 01:02:00,0,18.0
student_03,c06,2026-07-30 01:02:00,1,50.4
student_03,c13,2026-07-30 01:04:00,0,86.2
student_03,c03,2026-07-30 01:05:00,1,54.0
student_11,c13,2026-07-30 01:13:00,1,29.4
student_11,c02,2026-07-30 01:13:00,1,26.6
student_11,c02,2026-07-30 01:16:00,1,37.4
student_10,c08,2026-07-30 02:04:00,0,53.8
student_09,c11,2026-07-30 02:05:00,1,63.9
student_09,c07,2026-07-30 02:06:00,1,42.0
student_09,c13,2026-07-30 02:06:00,1,50.3
student_09,c13,2026-07-30 02:08:00,1,48.4
student_15,c01,2026-07-30 02:18:00,1,24.7
student_15,c01,2026-07-30 02:21:00,1,27.1
student_01,c06,2026-07-30 02:31:00,1,37.4
student_01,c06,2026-07-30 02:33:00,0,36.0
student_12,c10,2026-07-30 05:57:00,0,66.1
student_12,c11,2026-07-30 05:58:00,0,53.8
student_12,c13,2026-07-30 05:58:00,0,60.4
student_12,c13,2026-07-30 06:00:00,0,83.3
student_12,c10,2026-07-30 06:01:00,0,52.5
student_12,c11,2026-07-30 06:01:00,0,37.2
student_06,c07,2026-07-30 06:40:00,1,26.9
student_06,c06,2026-07-30 06:40:00,0,34.5
student_06,c12,2026-07-30 06:40:00,1,47.4
student_06,c06,2026-07-30 06:43:00,1,32.0
student_06,c06,2026-07-30 06:47:00,1,32.9
student_08,c14,2026-07-30 18:30:00,1,56.0
student_08,c08,2026-07-30 18:31:00,0,51.3
student_17,c10,2026-07-30 19:04:00,1,50.2
student_17,c11,2026-07-30 19:05:00,0,80.8
student_17,c10,2026-07-30 19:07:00,0,77.4
student_19,c04,2026-07-30 19:24:00,1,32.3
student_19,c11,2026-07-30 19:25:00,0,59.0
student_16,c07,2026-07-30 19:47:00,0,48.9
student_09,c13,2026-07-30 21:04:00,0,72.7
student_09,c03,2026-07-30 21:04:00,1,45.7
student_09,c13,2026-07-30 21:07:00,0,111.4
student_09,c13,2026-07-30 21:09:00,1,57.9
student_05,c13,2026-07-30 21:29:00,1,46.8
student_05,c13,2026-07-30 21:31:00,1,31.1
student_20,c08,2026-07-30 21:34:00,0,59.8
student_18,c16,2026-07-30 21:38:00,1,58.5
student_18,c16,2026-07-30 21:40:00,1,60.9
student_01,c11,2026-07-31 01:57:00,0,52.2
student_01,c11,2026-07-31 02:01:00,1,42.5
student_13,c09,2026-07-31 05:17:00,0,86.5
student_13,c03,2026-07-31 05:17:00,1,39.5
student_13,c09,2026-07-31 05:20:00,1,32.7
student_13,c09,2026-07-31 05:23:00,0,61.4
student_04,c09,2026-07-31 05:55:00,0,74.7
student_04,c02,2026-07-31 05:55:00,0,18.9
student_04,c02,2026-07-31 05:58:00,0,64.4
student_11,c10,2026-07-31 21:29:00,1,54.0
student_11,c06,2026-07-31 21:29:00,1,43.2
student_13,c01,2026-07-31 21:51:00,0,35.1
student_13,c01,2026-07-31 21:54:00,1,29.1
student_06,c02,2026-08-01 00:50:00,0,33.3
student_06,c11,2026-08-01 00:50:00,0,72.8
student_06,c01,2026-08-01 00:51:00,0,34.7
student_06,c01,2026-08-01 00:53:00,1,31.6
student_18,c04,2026-08-01 00:56:00,0,61.9
student_18,c14,2026-08-01 00:57:00,0,48.9
student_18,c06,2026-08-01 00:57:00,1,33.6
student_18,c14,2026-08-01 01:00:00,0,81.8
student_16,c06,2026-08-01 01:02:00,0,24.9
student_16,c04,2026-08-01 01:03:00,0,71.7
student_16,c06,2026-08-01 01:05:00,0,65.0
student_16,c04,2026-08-01 01:05:00,0,62.1
student_16,c06,2026-08-01 01:09:00,0,38.7
student_16,c04,2026-08-01 01:09:00,1,46.4
student_07,c05,2026-08-01 01:25:00,0,16.8
student_07,c14,2026-08-01 01:26:00,0,60.0
student_07,c02,2026-08-01 01:26:00,1,48.2
student_07,c04,2026-08-01 01:26:00,1,26.0
student_07,c14,2026-08-01 01:29:00,1,51.0
student_07,c04,2026-08-01 01:29:00,1,37.4
student_12,c07,2026-08-01 01:32:00,0,48.9
student_12,c07,2026-08-01 01:36:00,0,43.0
student_03,c12,2026-08-01 04:21:00,1,63.4
student_03,c04,2026-08-01 04:21:00,1,31.6
student_03,c10,2026-08-01 04:22:00,0,20.2
student_03,c06,2026-08-01 04:22:00,1,36.8
student_03,c10,2026-08-01 04:24:00,1,41.4
student_03,c04,2026-08-01 04:24:00,1,31.2
student_03,c12,2026-08-01 04:25:00,1,39.8
student_03,c10,2026-08-01 04:27:00,0,93.5
student_03,c04,2026-08-01 04:28:00,1,24.8
student_09,c07,2026-08-01 05:57:00,1,41.5
student_09,c05,2026-08-01 05:57:00,1,39.6
student_09,c12,2026-08-01 05:58:00,1,49.1
student_09,c05,2026-08-01 06:01:00,0,52.1
student_09,c05,2026-08-01 06:03:00,0,78.5
student_19,c04,2026-08-01 06:57:00,1,50.6
student_19,c07,2026-08-01 06:58:00,0,76.2
student_19,c04,2026-08-01 07:01:00,1,20.3
student_19,c07,2026-08-01 07:01:00,0,49.8
student_19,c04,2026-08-01 07:04:00,1,46.3
student_19,c07,2026-08-01 07:04:00,0,76.9
student_02,c02,2026-08-01 18:07:00,1,53.8
student_02,c11,2026-08-01 18:07:00,0,38.6
student_02,c13,2026-08-01 18:08:00,0,70.2
student_06,c02,2026-08-01 18:40:00,1,42.3
student_06,c11,2026-08-01 18:40:00,0,74.7
student_06,c02,2026-08-01 18:42:00,0,45.9
student_06,c11,2026-08-01 18:43:00,0,51.5
student_06,c11,2026-08-01 18:45:00,1,47.2
student_14,c03,2026-08-01 20:05:00,1,50.5
student_18,c13,2026-08-01 21:06:00,1,39.5
student_18,c02,2026-08-01 21:06:00,1,35.1
student_18,c04,2026-08-01 21:06:00,1,30.8
student_18,c16,2026-08-01 21:07:00,1,63.6
student_18,c04,2026-08-01 21:10:00,1,25.5
student_09,c03,2026-08-01 21:21:00,1,34.4
student_09,c07,2026-08-01 21:22:00,1,46.6
student_12,c09,2026-08-01 21:50:00,1,46.3
student_12,c05,2026-08-01 21:51:00,1,23.8
student_03,c05,2026-08-01 22:14:00,1,31.3
student_03,c05,2026-08-01 22:17:00,0,60.4
student_08,c03,2026-08-01 22:54:00,1,29.0
student_08,c09,2026-08-01 22:54:00,0,25.1
student_08,c09,2026-08-01 22:57:00,0,56.3
student_08,c03,2026-08-01 22:58:00,1,46.7
student_08,c03,2026-08-01 23:01:00,1,36.5
student_13,c02,2026-08-01 23:51:00,1,34.1
student_13,c05,2026-08-01 23:51:00,1,31.3
student_13,c07,2026-08-01 23:51:00,1,43.5
student_13,c05,2026-08-01 23:54:00,1,25.4
student_13,c02,2026-08-01 23:55:00,1,30.7
student_13,c02,2026-08-01 23:57:00,1,33.0
student_16,c12,2026-08-02 00:28:00,0,60.9
student_16,c01,2026-08-02 00:28:00,0,17.1
student_16,c02,2026-08-02 00:28:00,1,38.6
student_16,c11,2026-08-02 00:29:00,0,63.0
student_16,c12,2026-08-02 00:32:00,0,65.6
student_16,c01,2026-08-02 00:32:00,1,27.0
student_20,c10,2026-08-02 01:44:00,0,46.3
student_05,c13,2026-08-02 02:36:00,0,73.8
student_05,c02,2026-08-02 02:36:00,1,22.8
student_05,c04,2026-08-02 02:36:00,0,23.2
student_05,c02,2026-08-02 02:38:00,1,41.5
student_05,c04,2026-08-02 02:38:00,1,43.8
student_05,c04,2026-08-02 02:41:00,1,38.0
student_01,c05,2026-08-02 04:55:00,1,31.7
student_01,c09,2026-08-02 04:55:00,1,44.9
student_01,c13,2026-08-02 04:55:00,0,49.9
student_01,c07,2026-08-02 04:55:00,0,36.3
student_01,c05,2026-08-02 04:57:00,0,47.7
student_01,c07,2026-08-02 04:58:00,1,46.8
student_17,c11,2026-08-02 06:19:00,0,40.1
student_17,c10,2026-08-02 06:20:00,0,60.7
student_17,c11,2026-08-02 06:23:00,0,45.0
student_17,c10,2026-08-02 06:23:00,1,51.6
student_17,c11,2026-08-02 06:26:00,1,36.9
student_09,c03,2026-08-02 20:13:00,1,34.5
student_09,c01,2026-08-02 20:13:00,1,34.1
student_09,c13,2026-08-02 20:14:00,1,43.0
student_09,c05,2026-08-02 20:14:00,1,25.1
student_09,c05,2026-08-02 20:16:00,1,38.3
student_09,c01,2026-08-02 20:16:00,1,45.5
student_09,c05,2026-08-02 20:20:00,1,42.3
student_11,c09,2026-08-02 21:43:00,1,37.6
student_11,c09,2026-08-02 21:46:00,0,24.7
student_04,c02,2026-08-02 23:03:00,1,57.0
student_04,c05,2026-08-02 23:04:00,1,59.0
student_04,c05,2026-08-02 23:06:00,0,35.0
student_15,c07,2026-08-03 00:34:00,0,37.1
student_15,c07,2026-08-03 00:36:00,1,54.2
student_03,c02,2026-08-03 01:57:00,1,52.3
student_03,c14,2026-08-03 01:58:00,1,55.6
student_13,c09,2026-08-03 02:01:00,1,52.8
student_13,c07,2026-08-03 02:01:00,1,28.2
student_13,c04,2026-08-03 02:01:00,1,17.3
student_13,c05,2026-08-03 02:02:00,1,32.8
student_13,c09,2026-08-03 02:04:00,1,29.3
student_13,c05,2026-08-03 02:05:00,1,40.7
student_01,c04,2026-08-03 02:26:00,1,39.5
student_01,c12,2026-08-03 02:26:00,1,40.1
student_01,c12,2026-08-03 02:28:00,1,54.5
student_16,c11,2026-08-03 03:33:00,0,43.7
student_16,c12,2026-08-03 03:34:00,0,68.1
student_16,c12,2026-08-03 03:37:00,0,48.7
student_16,c11,2026-08-03 03:37:00,1,41.0
student_19,c12,2026-08-03 04:27:00,1,46.7
student_19,c08,2026-08-03 04:27:00,1,38.2
student_19,c10,2026-08-03 04:28:00,1,52.5
student_19,c08,2026-08-03 04:30:00,0,59.5
student_19,c10,2026-08-03 04:31:00,1,60.9
student_19,c08,2026-08-03 04:33:00,1,44.5
student_19,c10,2026-08-03 04:34:00,1,45.4
student_14,c05,2026-08-03 04:37:00,0,39.6
student_03,c06,2026-08-03 19:06:00,1,23.8
student_03,c03,2026-08-03 19:06:00,1,43.1
student_03,c20,2026-08-03 19:06:00,0,65.9
student_03,c03,2026-08-03 19:08:00,1,47.1
student_03,c20,2026-08-03 19:09:00,1,65.4
student_13,c14,2026-08-03 19:32:00,0,58.8
student_13,c21,2026-08-03 19:33:00,1,38.8
student_13,c03,2026-08-03 19:33:00,1,24.5
student_13,c21,2026-08-03 19:36:00,0,43.0
student_13,c14,2026-08-03 19:36:00,0,45.5
student_07,c13,2026-08-03 20:41:00,0,58.8
student_07,c01,2026-08-03 20:42:00,1,20.5
student_07,c07,2026-08-03 20:42:00,1,53.3
student_07,c01,2026-08-03 20:44:00,1,8.0
student_07,c13,2026-08-03 20:45:00,0,55.0
student_07,c07,2026-08-03 20:45:00,0,61.8
student_05,c06,2026-08-03 21:58:00,0,51.7
student_05,c04,2026-08-03 21:58:00,1,52.6
student_08,c13,2026-08-03 22:53:00,0,34.2
student_08,c11,2026-08-03 22:53:00,1,36.4
student_08,c01,2026-08-03 22:54:00,1,21.7
student_08,c16,2026-08-03 22:54:00,1,64.9
student_08,c13,2026-08-03 22:56:00,1,48.9
student_08,c01,2026-08-03 22:57:00,1,49.6
student_16,c01,2026-08-04 00:08:00,1,28.4
student_16,c08,2026-08-04 00:08:00,1,48.7
student_16,c08,2026-08-04 00:11:00,1,59.8
student_06,c01,2026-08-04 01:32:00,1,49.7
student_06,c11,2026-08-04 01:32:00,0,12.4
student_06,c21,2026-08-04 01:33:00,1,37.6
student_17,c14,2026-08-04 03:37:00,1,38.8
student_17,c14,2026-08-04 03:41:00,1,54.0
student_15,c11,2026-08-04 03:42:00,0,77.8
student_15,c03,2026-08-04 03:43:00,0,57.0
student_17,c14,2026-08-04 03:43:00,0,33.4
student_15,c11,2026-08-04 03:45:00,1,36.5
student_15,c11,2026-08-04 03:49:00,1,40.7
student_11,c12,2026-08-04 18:24:00,1,35.9
student_11,c14,2026-08-04 18:25:00,1,42.6
student_11,c08,2026-08-04 18:25:00,1,48.2
student_11,c09,2026-08-04 18:25:00,1,34.8
student_11,c08,2026-08-04 18:27:00,0,68.3
student_11,c08,2026-08-04 18:30:00,1,29.4
student_05,c06,2026-08-04 20:25:00,1,34.9
student_05,c06,2026-08-04 20:28:00,1,34.5
student_05,c06,2026-08-04 20:32:00,1,26.9
student_19,c01,2026-08-04 21:38:00,1,40.9
student_19,c10,2026-08-04 21:38:00,1,54.8
student_14,c02,2026-08-04 21:51:00,1,31.9
student_14,c08,2026-08-04 21:52:00,1,26.4
student_01,c05,2026-08-05 01:07:00,1,43.7
student_01,c07,2026-08-05 01:08:00,0,29.6
student_01,c05,2026-08-05 01:11:00,1,35.9
student_01,c07,2026-08-05 01:11:00,0,29.0
student_03,c03,2026-08-05 01:11:00,1,41.0
student_01,c07,2026-08-05 01:13:00,1,44.5
student_01,c05,2026-08-05 01:14:00,0,28.9
student_15,c02,2026-08-05 01:29:00,1,37.8
student_15,c06,2026-08-05 01:30:00,0,51.4
student_15,c06,2026-08-05 01:33:00,1,32.5
student_10,c01,2026-08-05 03:08:00,0,72.7
student_08,c12,2026-08-05 05:02:00,0,51.5
student_08,c11,2026-08-05 05:02:00,1,58.4
student_08,c08,2026-08-05 05:02:00,1,51.7
student_08,c11,2026-08-05 05:04:00,1,43.6
student_08,c08,2026-08-05 05:05:00,0,20.5
student_08,c08,2026-08-05 05:07:00,0,74.9
student_13,c12,2026-08-05 05:14:00,0,57.4
student_03,c16,2026-08-05 18:14:00,1,50.3
student_03,c03,2026-08-05 18:15:00,1,16.1
student_03,c16,2026-08-05 18:17:00,1,59.4
student_03,c03,2026-08-05 18:18:00,1,40.9
student_17,c12,2026-08-05 21:43:00,1,48.9
student_17,c08,2026-08-05 21:43:00,1,45.3
student_17,c10,2026-08-05 21:44:00,1,48.9
student_20,c07,2026-08-05 22:09:00,0,69.5
student_20,c04,2026-08-05 22:09:00,1,23.3
student_20,c11,2026-08-05 22:10:00,1,19.5
student_20,c11,2026-08-05 22:13:00,1,34.2
student_19,c21,2026-08-05 22:40:00,0,70.5
student_19,c13,2026-08-05 22:40:00,0,65.3
student_19,c06,2026-08-05 22:41:00,1,26.0
student_19,c06,2026-08-05 22:43:00,1,37.6
student_19,c13,2026-08-05 22:44:00,0,29.3
student_19,c13,2026-08-05 22:46:00,1,61.6
student_08,c10,2026-08-06 01:07:00,1,52.9
student_08,c03,2026-08-06 01:07:00,1,57.9
student_08,c06,2026-08-06 01:07:00,1,36.0
student_08,c04,2026-08-06 01:07:00,0,63.6
student_08,c10,2026-08-06 01:11:00,1,55.9
student_08,c06,2026-08-06 01:11:00,0,50.1
student_07,c21,2026-08-06 03:15:00,0,68.4
student_07,c21,2026-08-06 03:19:00,1,37.2
student_10,c12,2026-08-06 05:28:00,0,65.3
student_10,c12,2026-08-06 05:31:00,1,37.3
student_11,c14,2026-08-06 06:05:00,0,51.7
student_11,c02,2026-08-06 06:06:00,1,26.2
student_11,c14,2026-08-06 06:09:00,0,51.4
student_05,c09,2026-08-06 19:59:00,1,63.7
student_05,c01,2026-08-06 19:59:00,1,33.7
student_09,c08,2026-08-06 21:10:00,1,39.9
student_09,c03,2026-08-06 21:10:00,1,50.4
student_17,c13,2026-08-06 21:25:00,1,48.6
student_11,c06,2026-08-06 21:44:00,1,51.8
student_11,c16,2026-08-06 21:45:00,1,52.1
student_11,c16,2026-08-06 21:47:00,1,51.8
student_10,c13,2026-08-06 22:05:00,0,75.2
student_10,c12,2026-08-06 22:05:00,1,28.5
student_10,c05,2026-08-06 22:06:00,0,64.1
student_10,c12,2026-08-06 22:09:00,0,14.1
student_06,c06,2026-08-06 23:27:00,1,35.4
student_06,c04,2026-08-06 23:27:00,1,18.9
student_06,c13,2026-08-06 23:27:00,0,89.0
student_06,c13,2026-08-06 23:31:00,1,67.1
student_07,c03,2026-08-07 00:40:00,1,31.2
student_07,c12,2026-08-07 00:41:00,0,43.1
student_07,c12,2026-08-07 00:43:00,1,43.3
student_02,c10,2026-08-07 00:51:00,0,59.4
student_02,c20,2026-08-07 00:52:00,0,48.7
student_02,c01,2026-08-07 00:52:00,1,29.9
student_02,c14,2026-08-07 00:52:00,0,61.6
student_02,c01,2026-08-07 00:54:00,1,31.3
student_02,c01,2026-08-07 00:57:00,1,18.6
student_03,c02,2026-08-07 01:17:00,1,28.1
student_03,c05,2026-08-07 01:18:00,0,37.0
student_03,c02,2026-08-07 01:20:00,1,45.4
student_03,c05,2026-08-07 01:20:00,1,19.3
student_20,c05,2026-08-07 01:39:00,0,44.8
student_20,c12,2026-08-07 01:40:00,0,50.7
student_20,c01,2026-08-07 01:40:00,1,16.7
student_20,c12,2026-08-07 01:42:00,0,45.1
student_20,c01,2026-08-07 01:42:00,1,45.8
student_04,c10,2026-08-07 03:12:00,0,35.7
student_04,c11,2026-08-07 03:12:00,0,56.0
student_04,c11,2026-08-07 03:15:00,1,36.7
student_04,c10,2026-08-07 03:16:00,1,64.3
student_04,c10,2026-08-07 03:19:00,0,39.3
student_08,c07,2026-08-07 05:06:00,1,50.6
student_08,c05,2026-08-07 05:06:00,0,25.9
student_08,c21,2026-08-07 05:06:00,1,24.4
student_08,c10,2026-08-07 05:06:00,1,41.5
student_08,c05,2026-08-07 05:09:00,1,40.8
student_08,c21,2026-08-07 05:09:00,0,70.0
student_08,c21,2026-08-07 05:12:00,1,24.5
student_14,c12,2026-08-07 05:34:00,1,36.8
student_14,c05,2026-08-07 05:34:00,1,23.8
student_14,c01,2026-08-07 05:34:00,1,49.1
student_14,c01,2026-08-07 05:37:00,1,25.5
student_12,c05,2026-08-07 06:47:00,0,53.7
student_12,c21,2026-08-07 06:48:00,1,43.8
student_12,c20,2026-08-07 06:48:00,0,52.8
student_12,c14,2026-08-07 06:48:00,1,51.5
student_09,c20,2026-08-07 19:35:00,1,66.0
student_09,c07,2026-08-07 19:35:00,1,37.8
student_04,c04,2026-08-07 20:11:00,1,31.2
student_04,c02,2026-08-07 20:12:00,0,35.8
student_04,c11,2026-08-07 20:12:00,1,28.8
student_14,c01,2026-08-07 21:16:00,1,38.2
student_14,c02,2026-08-07 21:17:00,1,32.9
student_14,c21,2026-08-07 21:17:00,0,31.8
student_14,c01,2026-08-07 21:19:00,1,32.9
student_15,c03,2026-08-08 01:01:00,1,50.8
student_15,c03,2026-08-08 01:04:00,1,31.2
student_10,c03,2026-08-08 01:15:00,0,47.0
student_10,c06,2026-08-08 01:15:00,1,40.9
student_10,c09,2026-08-08 01:15:00,0,88.4
student_10,c03,2026-08-08 01:18:00,1,30.2
student_13,c01,2026-08-08 01:29:00,1,43.3
student_13,c13,2026-08-08 01:30:00,1,52.9
student_13,c14,2026-08-08 01:30:00,1,44.7
student_13,c13,2026-08-08 01:33:00,1,44.9
student_13,c13,2026-08-08 01:35:00,1,55.6
student_19,c12,2026-08-08 02:32:00,1,38.6
student_19,c08,2026-08-08 02:32:00,1,41.1
student_19,c08,2026-08-08 02:35:00,0,45.9
student_19,c12,2026-08-08 02:36:00,1,45.1
student_11,c12,2026-08-08 03:25:00,0,62.5
student_11,c16,2026-08-08 03:26:00,1,44.9
student_11,c12,2026-08-08 03:28:00,0,45.6
student_11,c16,2026-08-08 03:29:00,1,70.7
student_16,c09,2026-08-08 04:09:00,1,26.8
student_16,c08,2026-08-08 04:10:00,1,66.3
student_16,c09,2026-08-08 04:12:00,0,74.3
student_16,c08,2026-08-08 04:12:00,1,35.1
student_02,c11,2026-08-08 04:58:00,1,34.8
student_02,c03,2026-08-08 04:59:00,0,65.8
student_12,c12,2026-08-08 05:13:00,0,41.6
student_12,c10,2026-08-08 05:14:00,0,60.2
student_12,c01,2026-08-08 05:14:00,1,45.5
student_12,c12,2026-08-08 05:17:00,1,35.7
student_08,c06,2026-08-08 05:52:00,1,42.4
student_08,c14,2026-08-08 05:52:00,0,55.0
student_08,c08,2026-08-08 05:52:00,1,39.2
student_08,c14,2026-08-08 05:54:00,1,52.5
student_08,c08,2026-08-08 05:54:00,1,43.8
student_01,c10,2026-08-08 05:56:00,1,64.1
student_01,c10,2026-08-08 05:59:00,1,45.0
student_01,c10,2026-08-08 06:03:00,1,53.0
student_07,c05,2026-08-08 06:18:00,0,47.7
student_07,c14,2026-08-08 06:18:00,0,59.1
student_07,c05,2026-08-08 06:22:00,1,55.7
student_07,c05,2026-08-08 06:24:00,1,48.2
student_15,c05,2026-08-08 21:13:00,1,49.7
student_15,c11,2026-08-08 21:13:00,1,35.9
student_14,c03,2026-08-08 21:59:00,1,56.2
student_02,c01,2026-08-09 01:49:00,1,33.4
student_02,c09,2026-08-09 01:50:00,1,55.8
student_02,c01,2026-08-09 01:52:00,1,41.2
student_02,c09,2026-08-09 01:53:00,1,47.6
student_02,c09,2026-08-09 01:56:00,1,67.7
student_13,c16,2026-08-09 02:18:00,0,99.9
student_13,c14,2026-08-09 02:19:00,0,75.6
student_13,c14,2026-08-09 02:22:00,1,50.6
student_04,c10,2026-08-09 03:38:00,0,61.8
student_04,c01,2026-08-09 03:39:00,0,24.6
student_04,c03,2026-08-09 03:39:00,0,57.3
student_04,c10,2026-08-09 03:42:00,0,68.8
student_04,c10,2026-08-09 03:45:00,0,87.7
student_07,c05,2026-08-09 04:43:00,1,37.4
student_07,c05,2026-08-09 04:46:00,1,25.7
student_07,c05,2026-08-09 04:48:00,1,51.2
student_19,c05,2026-08-09 04:57:00,1,50.7
student_03,c20,2026-08-09 05:03:00,0,72.3
student_03,c04,2026-08-09 05:03:00,0,48.7
student_03,c05,2026-08-09 05:04:00,1,36.2
student_03,c15,2026-08-09 05:04:00,0,26.4
student_03,c04,2026-08-09 05:06:00,1,61.0
student_03,c15,2026-08-09 05:06:00,0,61.3
student_01,c13,2026-08-09 06:12:00,0,52.4
student_01,c13,2026-08-09 06:16:00,0,57.2
student_11,c11,2026-08-09 06:50:00,0,77.4
student_11,c08,2026-08-09 06:50:00,1,46.7
student_11,c14,2026-08-09 06:50:00,0,40.6
student_11,c04,2026-08-09 06:50:00,1,45.9
student_11,c14,2026-08-09 06:52:00,1,46.2
student_11,c04,2026-08-09 06:53:00,1,34.9
student_11,c04,2026-08-09 06:56:00,1,48.1
student_13,c14,2026-08-09 20:16:00,1,54.3
student_13,c07,2026-08-09 20:17:00,1,38.4
student_13,c14,2026-08-09 20:20:00,1,36.3
student_17,c04,2026-08-09 21:51:00,1,52.2
student_17,c03,2026-08-09 21:52:00,0,61.0
student_17,c03,2026-08-09 21:55:00,1,39.2
student_14,c07,2026-08-09 22:25:00,1,28.9
student_14,c11,2026-08-09 22:26:00,0,60.2
student_14,c07,2026-08-09 22:28:00,0,37.9
student_14,c11,2026-08-09 22:29:00,0,46.3
student_14,c07,2026-08-09 22:32:00,1,48.8
student_11,c08,2026-08-09 22:59:00,1,34.0
student_11,c11,2026-08-09 22:59:00,0,41.1
student_11,c08,2026-08-09 23:02:00,1,52.0
student_11,c11,2026-08-09 23:02:00,0,42.8
student_03,c14,2026-08-10 03:38:00,0,53.4
student_03,c05,2026-08-10 03:39:00,0,50.1
student_02,c16,2026-08-10 05:39:00,0,54.7
student_02,c07,2026-08-10 05:39:00,0,65.3
student_02,c08,2026-08-10 05:40:00,1,26.9
student_02,c16,2026-08-10 05:42:00,1,53.3
student_02,c07,2026-08-10 05:43:00,1,50.2
student_11,c11,2026-08-10 18:52:00,1,36.7
student_11,c19,2026-08-10 18:52:00,0,62.8
student_11,c12,2026-08-10 18:53:00,0,65.0
student_08,c11,2026-08-10 19:49:00,1,34.1
student_08,c14,2026-08-10 19:49:00,1,42.0
student_08,c15,2026-08-10 19:50:00,0,48.4
student_14,c04,2026-08-10 20:16:00,1,42.6
student_14,c05,2026-08-10 20:17:00,1,50.4
student_14,c05,2026-08-10 20:20:00,0,54.3
student_13,c01,2026-08-10 20:24:00,1,43.9
student_13,c15,2026-08-10 20:24:00,0,87.2
student_15,c01,2026-08-10 20:45:00,1,18.2
student_15,c13,2026-08-10 20:45:00,0,61.5
student_15,c04,2026-08-10 20:45:00,1,39.8
student_15,c04,2026-08-10 20:48:00,1,42.9
student_15,c04,2026-08-10 20:50:00,1,45.4
student_17,c03,2026-08-10 21:01:00,1,58.3
student_17,c13,2026-08-10 21:02:00,1,49.9
student_17,c20,2026-08-10 21:02:00,1,47.1
student_17,c08,2026-08-10 21:02:00,1,49.4
student_05,c12,2026-08-10 21:04:00,0,63.9
student_17,c20,2026-08-10 21:04:00,0,64.3
student_17,c08,2026-08-10 21:04:00,0,65.9
student_17,c20,2026-08-10 21:08:00,1,47.3
student_03,c16,2026-08-10 22:26:00,1,43.1
student_03,c02,2026-08-10 22:26:00,1,25.3
student_01,c03,2026-08-11 01:59:00,1,30.3
student_01,c08,2026-08-11 01:59:00,0,69.5
student_01,c03,2026-08-11 02:02:00,1,40.5
student_01,c03,2026-08-11 02:05:00,0,61.9
student_03,c01,2026-08-11 18:48:00,1,16.5
student_03,c12,2026-08-11 18:49:00,1,53.9
student_03,c01,2026-08-11 18:52:00,1,26.0
student_05,c08,2026-08-11 19:04:00,1,43.2
student_05,c06,2026-08-11 19:05:00,0,35.2
student_05,c10,2026-08-11 19:05:00,0,98.2
student_05,c21,2026-08-11 19:05:00,1,50.5
student_05,c06,2026-08-11 19:07:00,1,27.6
student_05,c10,2026-08-11 19:07:00,1,59.2
student_05,c08,2026-08-11 19:07:00,0,33.4
student_18,c12,2026-08-11 19:30:00,1,26.8
student_18,c01,2026-08-11 19:30:00,1,47.6
student_18,c11,2026-08-11 19:31:00,0,70.4
student_18,c07,2026-08-11 19:31:00,1,58.7
student_18,c12,2026-08-11 19:33:00,0,74.1
student_18,c07,2026-08-11 19:34:00,1,43.2
student_16,c09,2026-08-11 20:58:00,0,60.9
student_16,c01,2026-08-11 20:59:00,0,9.9
student_16,c12,2026-08-11 20:59:00,0,75.5
student_16,c14,2026-08-11 20:59:00,0,48.0
student_16,c01,2026-08-11 21:01:00,0,41.2
student_16,c14,2026-08-11 21:01:00,0,64.9
student_16,c12,2026-08-11 21:02:00,0,79.0
student_16,c14,2026-08-11 21:04:00,1,47.9
student_16,c12,2026-08-11 21:05:00,0,54.9
student_14,c22,2026-08-11 21:14:00,1,58.3
student_14,c21,2026-08-11 21:15:00,0,5.0
student_14,c12,2026-08-11 21:15:00,1,37.4
student_14,c21,2026-08-11 21:17:00,0,81.4
student_14,c22,2026-08-11 21:17:00,1,46.5
student_19,c12,2026-08-11 21:58:00,1,43.2
student_06,c14,2026-08-11 22:09:00,0,35.8
student_06,c06,2026-08-11 22:09:00,1,44.2
student_06,c14,2026-08-11 22:12:00,0,41.8
student_06,c06,2026-08-11 22:12:00,1,27.9
student_17,c15,2026-08-11 23:23:00,0,59.7
student_17,c15,2026-08-11 23:26:00,1,46.9
student_17,c15,2026-08-11 23:30:00,0,69.0
student_08,c05,2026-08-12 00:04:00,1,52.5
student_02,c10,2026-08-12 01:37:00,0,61.6
student_02,c01,2026-08-12 01:37:00,1,29.2
student_02,c01,2026-08-12 01:40:00,0,21.5
student_13,c07,2026-08-12 01:51:00,1,50.2
student_13,c11,2026-08-12 01:52:00,0,38.6
student_13,c11,2026-08-12 01:54:00,0,27.8
student_13,c11,2026-08-12 01:57:00,0,32.4
student_12,c11,2026-08-12 03:26:00,0,44.6
student_07,c13,2026-08-12 06:04:00,1,44.3
student_07,c10,2026-08-12 06:04:00,0,50.9
student_07,c13,2026-08-12 06:06:00,0,62.3
student_07,c13,2026-08-12 06:10:00,0,85.0
student_19,c04,2026-08-12 18:46:00,1,25.2
student_19,c07,2026-08-12 18:46:00,1,44.5
student_19,c09,2026-08-12 18:47:00,0,49.2
student_11,c17,2026-08-12 18:55:00,1,53.0
student_11,c04,2026-08-12 18:56:00,1,45.1
student_11,c13,2026-08-12 18:56:00,1,30.7
student_11,c16,2026-08-12 18:56:00,0,90.4
student_11,c16,2026-08-12 18:59:00,1,60.5
student_02,c05,2026-08-12 20:00:00,0,46.8
student_02,c06,2026-08-12 20:01:00,1,45.5
student_02,c06,2026-08-12 20:04:00,1,30.1
student_02,c05,2026-08-12 20:04:00,1,46.1
student_13,c15,2026-08-12 20:41:00,1,44.3
student_13,c21,2026-08-12 20:41:00,1,33.0
student_13,c15,2026-08-12 20:44:00,0,70.0
student_13,c21,2026-08-12 20:44:00,0,38.8
student_13,c15,2026-08-12 20:46:00,1,43.2
student_09,c06,2026-08-12 22:23:00,1,59.0
student_09,c02,2026-08-12 22:23:00,1,25.4
student_09,c06,2026-08-12 22:27:00,1,34.6
student_09,c06,2026-08-12 22:30:00,1,31.8
student_15,c14,2026-08-12 22:33:00,0,81.7
student_15,c09,2026-08-12 22:34:00,0,61.5
student_15,c10,2026-08-12 22:34:00,0,35.1
student_15,c09,2026-08-12 22:36:00,0,66.1
student_15,c10,2026-08-12 22:36:00,0,45.8
student_15,c14,2026-08-12 22:37:00,0,43.2
student_15,c14,2026-08-12 22:39:00,0,74.4
student_14,c21,2026-08-13 01:00:00,0,55.4
student_14,c08,2026-08-13 01:01:00,1,60.2
student_14,c11,2026-08-13 01:01:00,1,38.2
student_14,c08,2026-08-13 01:03:00,1,32.7
student_14,c11,2026-08-13 01:04:00,1,40.4
student_06,c08,2026-08-13 01:18:00,0,49.9
student_06,c22,2026-08-13 01:18:00,1,41.9
student_06,c22,2026-08-13 01:21:00,1,28.2
student_04,c01,2026-08-13 03:05:00,1,30.9
student_04,c02,2026-08-13 03:06:00,0,13.4
student_16,c06,2026-08-13 03:06:00,1,30.8
student_16,c03,2026-08-13 03:07:00,1,42.9
student_04,c01,2026-08-13 03:08:00,1,31.1
student_16,c03,2026-08-13 03:10:00,0,32.8
student_16,c06,2026-08-13 03:10:00,0,89.6
student_16,c06,2026-08-13 03:13:00,0,47.9
student_03,c16,2026-08-13 03:42:00,1,45.2
student_03,c14,2026-08-13 03:43:00,0,87.3
student_03,c14,2026-08-13 03:45:00,1,44.4
student_03,c16,2026-08-13 03:45:00,0,71.6
student_01,c21,2026-08-13 04:26:00,1,50.8
student_01,c02,2026-08-13 04:27:00,1,37.2
student_01,c02,2026-08-13 04:29:00,1,52.9
student_01,c21,2026-08-13 04:30:00,0,35.9
student_17,c06,2026-08-13 18:12:00,1,50.5
student_17,c04,2026-08-13 18:12:00,1,30.4
student_17,c24,2026-08-13 18:12:00,0,83.1
student_17,c04,2026-08-13 18:15:00,1,41.3
student_17,c24,2026-08-13 18:16:00,0,19.2
student_16,c04,2026-08-13 18:18:00,0,35.8
student_16,c09,2026-08-13 18:18:00,1,63.7
student_16,c04,2026-08-13 18:21:00,1,43.3
student_16,c09,2026-08-13 18:22:00,1,45.0
student_16,c04,2026-08-13 18:24:00,1,34.5
student_01,c10,2026-08-13 18:39:00,1,57.4
student_03,c15,2026-08-13 23:46:00,0,86.2
student_03,c17,2026-08-13 23:47:00,0,84.9
student_14,c10,2026-08-14 02:27:00,0,50.1
student_14,c02,2026-08-14 02:27:00,1,26.9
student_14,c08,2026-08-14 02:28:00,1,48.8
student_14,c10,2026-08-14 02:31:00,0,88.9
student_14,c10,2026-08-14 02:34:00,0,31.3
student_12,c14,2026-08-14 05:05:00,0,46.2
student_12,c05,2026-08-14 05:05:00,1,43.5
student_12,c22,2026-08-14 05:06:00,0,62.0
student_12,c14,2026-08-14 05:09:00,0,67.2
student_12,c05,2026-08-14 05:09:00,0,17.2
student_05,c20,2026-08-14 05:19:00,0,68.8
student_05,c09,2026-08-14 05:20:00,1,35.1
student_05,c12,2026-08-14 05:20:00,0,44.3
student_05,c09,2026-08-14 05:22:00,0,40.5
student_05,c09,2026-08-14 05:25:00,1,43.6
student_11,c13,2026-08-14 05:54:00,0,55.6
student_11,c04,2026-08-14 05:55:00,1,24.3
student_11,c19,2026-08-14 05:55:00,0,53.4
student_11,c07,2026-08-14 05:55:00,1,39.5
student_11,c04,2026-08-14 05:58:00,1,46.5
student_11,c07,2026-08-14 05:58:00,1,31.6
student_19,c13,2026-08-14 18:38:00,1,50.7
student_19,c05,2026-08-14 18:39:00,1,42.8
student_19,c13,2026-08-14 18:41:00,1,50.5
student_19,c05,2026-08-14 18:42:00,0,59.8
student_19,c05,2026-08-14 18:44:00,1,59.8
student_18,c16,2026-08-14 21:02:00,0,53.6
student_18,c21,2026-08-14 21:02:00,1,43.8
student_18,c21,2026-08-14 21:06:00,1,25.4
student_18,c21,2026-08-14 21:09:00,1,40.9
student_12,c09,2026-08-14 21:30:00,1,51.6
student_07,c09,2026-08-14 22:49:00,0,61.6
student_07,c24,2026-08-14 22:49:00,1,52.3
student_07,c24,2026-08-14 22:51:00,1,55.6
student_07,c09,2026-08-14 22:52:00,0,11.9
student_01,c06,2026-08-14 23:35:00,0,64.6
student_01,c09,2026-08-14 23:35:00,0,61.7
student_01,c06,2026-08-14 23:38:00,1,34.4
student_01,c09,2026-08-14 23:38:00,1,34.0
student_01,c06,2026-08-14 23:40:00,1,41.2
student_01,c09,2026-08-14 23:40:00,1,36.0
student_15,c15,2026-08-15 00:11:00,0,99.5
student_15,c16,2026-08-15 00:12:00,0,75.4
student_13,c22,2026-08-15 01:21:00,1,64.3
student_13,c07,2026-08-15 01:21:00,1,41.7
student_13,c22,2026-08-15 01:25:00,1,52.7
student_13,c22,2026-08-15 01:28:00,1,45.6
student_11,c18,2026-08-15 01:47:00,1,52.1
student_11,c04,2026-08-15 01:48:00,1,48.5
student_11,c04,2026-08-15 01:50:00,1,48.7
student_04,c11,2026-08-15 02:53:00,0,15.0
student_04,c07,2026-08-15 02:53:00,1,42.5
student_04,c24,2026-08-15 02:54:00,1,61.2
student_04,c09,2026-08-15 02:54:00,0,85.6
student_04,c07,2026-08-15 02:56:00,1,60.0
student_04,c09,2026-08-15 02:56:00,0,56.9
student_04,c09,2026-08-15 02:59:00,0,47.3
student_03,c09,2026-08-15 03:36:00,1,61.2
student_03,c09,2026-08-15 03:40:00,1,53.6
student_05,c09,2026-08-15 04:14:00,0,66.5
student_05,c10,2026-08-15 04:15:00,1,60.1
student_05,c10,2026-08-15 04:18:00,0,75.9
student_13,c12,2026-08-15 18:42:00,0,48.1
student_13,c15,2026-08-15 18:43:00,1,55.4
student_13,c12,2026-08-15 18:46:00,0,63.0
student_07,c16,2026-08-15 20:47:00,0,90.0
student_19,c13,2026-08-15 21:20:00,1,46.1
student_19,c07,2026-08-15 21:20:00,1,58.7
student_03,c07,2026-08-15 21:55:00,0,31.0
student_03,c09,2026-08-15 21:55:00,1,47.6
student_03,c07,2026-08-15 21:58:00,1,47.2
student_03,c09,2026-08-15 21:59:00,1,41.0
student_17,c11,2026-08-16 00:36:00,1,47.1
student_17,c08,2026-08-16 00:36:00,0,91.0
student_17,c16,2026-08-16 00:37:00,0,39.0
student_17,c11,2026-08-16 00:40:00,0,75.5
student_11,c20,2026-08-16 01:38:00,1,70.5
student_11,c20,2026-08-16 01:42:00,1,49.6
student_08,c13,2026-08-16 03:07:00,0,73.1
student_12,c20,2026-08-16 04:27:00,0,74.7
student_12,c24,2026-08-16 04:27:00,0,70.7
student_12,c02,2026-08-16 04:28:00,1,32.6
student_12,c02,2026-08-16 04:31:00,0,47.3
student_12,c24,2026-08-16 04:31:00,0,60.0
student_12,c02,2026-08-16 04:34:00,1,33.1
student_16,c14,2026-08-16 04:42:00,1,54.8
student_16,c02,2026-08-16 04:43:00,0,25.8
student_16,c02,2026-08-16 04:46:00,1,35.1
student_16,c14,2026-08-16 04:46:00,1,41.6
student_18,c07,2026-08-16 05:04:00,0,53.7
student_18,c02,2026-08-16 05:04:00,1,50.5
student_18,c03,2026-08-16 05:04:00,1,39.2
student_18,c07,2026-08-16 05:08:00,0,33.1
student_18,c02,2026-08-16 05:08:00,1,51.9
student_18,c03,2026-08-16 05:08:00,1,39.4
student_18,c07,2026-08-16 05:10:00,1,46.3
student_18,c02,2026-08-16 05:10:00,1,29.1
student_19,c14,2026-08-16 18:39:00,1,33.7
student_19,c05,2026-08-16 18:39:00,1,56.5
student_19,c13,2026-08-16 18:40:00,1,41.6
student_19,c14,2026-08-16 18:42:00,1,50.0
student_19,c05,2026-08-16 18:42:00,1,55.1
student_19,c05,2026-08-16 18:45:00,1,49.9
student_19,c14,2026-08-16 18:46:00,1,38.0
student_11,c14,2026-08-16 20:03:00,0,76.2
student_11,c01,2026-08-16 20:04:00,1,27.9
student_11,c01,2026-08-16 20:07:00,1,25.8
student_08,c24,2026-08-16 20:29:00,0,83.0
student_08,c02,2026-08-16 20:30:00,1,44.4
student_08,c02,2026-08-16 20:32:00,1,19.4
student_12,c09,2026-08-16 21:49:00,1,56.0
student_12,c15,2026-08-16 21:50:00,1,55.8
student_12,c23,2026-08-16 21:50:00,0,92.4
student_12,c15,2026-08-16 21:52:00,1,62.5
student_12,c23,2026-08-16 21:52:00,0,48.7
student_12,c09,2026-08-16 21:53:00,1,49.4
student_12,c09,2026-08-16 21:56:00,0,43.7
student_13,c01,2026-08-16 22:12:00,1,45.9
student_13,c04,2026-08-16 22:12:00,0,47.8
student_01,c24,2026-08-16 23:07:00,0,42.5
student_16,c12,2026-08-16 23:07:00,0,59.5
student_01,c11,2026-08-16 23:08:00,1,42.2
student_09,c08,2026-08-16 23:10:00,0,79.9
student_01,c24,2026-08-16 23:11:00,0,60.4
student_09,c14,2026-08-16 23:11:00,0,61.2
student_09,c02,2026-08-16 23:11:00,1,47.3
student_16,c12,2026-08-16 23:11:00,1,42.7
student_01,c24,2026-08-16 23:13:00,1,60.7
student_15,c01,2026-08-16 23:27:00,1,30.8
student_15,c15,2026-08-16 23:28:00,1,55.5
student_02,c15,2026-08-17 00:35:00,0,64.9
student_02,c12,2026-08-17 00:36:00,0,47.2
student_02,c12,2026-08-17 00:38:00,0,77.9
student_03,c15,2026-08-17 00:56:00,0,52.3
student_03,c10,2026-08-17 00:56:00,1,32.6
student_03,c15,2026-08-17 00:58:00,0,48.2
student_07,c05,2026-08-17 02:32:00,1,37.0
student_14,c06,2026-08-17 04:17:00,0,61.4
student_14,c07,2026-08-17 04:18:00,1,30.8
student_14,c23,2026-08-17 04:18:00,0,64.0
student_14,c02,2026-08-17 04:18:00,1,45.0
student_14,c07,2026-08-17 04:20:00,1,39.7
student_14,c23,2026-08-17 04:20:00,0,52.6
student_14,c02,2026-08-17 04:21:00,1,34.3
student_03,c21,2026-08-17 19:31:00,0,61.8
student_03,c10,2026-08-17 19:31:00,1,45.5
student_03,c11,2026-08-17 19:32:00,0,22.8
student_03,c09,2026-08-17 19:32:00,1,42.9
student_03,c11,2026-08-17 19:34:00,0,67.2
student_03,c10,2026-08-17 19:35:00,0,37.0
student_19,c22,2026-08-17 20:11:00,0,41.1
student_19,c13,2026-08-17 20:12:00,0,51.9
student_08,c07,2026-08-17 22:00:00,1,45.9
student_08,c03,2026-08-17 22:00:00,1,50.2
student_08,c01,2026-08-17 22:00:00,1,21.0
student_08,c14,2026-08-17 22:00:00,1,52.6
student_08,c01,2026-08-17 22:03:00,1,39.9
student_08,c14,2026-08-17 22:04:00,0,70.2
student_01,c24,2026-08-18 00:30:00,0,88.6
student_01,c20,2026-08-18 00:30:00,0,66.5
student_01,c14,2026-08-18 00:31:00,1,39.6
student_01,c05,2026-08-18 00:31:00,1,50.3
student_01,c14,2026-08-18 00:33:00,0,75.3
student_13,c21,2026-08-18 00:42:00,1,40.6
student_13,c21,2026-08-18 00:46:00,1,20.2
student_17,c07,2026-08-18 01:11:00,0,6.5
student_17,c07,2026-08-18 01:14:00,1,46.3
student_04,c10,2026-08-18 03:18:00,0,72.3
student_04,c06,2026-08-18 03:18:00,1,34.8
student_04,c10,2026-08-18 03:21:00,0,53.1
student_04,c06,2026-08-18 03:21:00,0,50.8
student_10,c04,2026-08-18 03:43:00,1,53.5
student_10,c24,2026-08-18 03:43:00,1,53.6
student_11,c03,2026-08-18 05:47:00,1,36.9
student_14,c07,2026-08-18 06:06:00,0,63.3
student_14,c09,2026-08-18 06:07:00,0,83.9
student_14,c07,2026-08-18 06:09:00,1,52.8
student_14,c09,2026-08-18 06:10:00,1,53.7
student_13,c03,2026-08-18 18:47:00,1,28.3
student_13,c03,2026-08-18 18:50:00,0,50.9
student_13,c03,2026-08-18 18:54:00,1,53.7
student_17,c24,2026-08-18 19:18:00,0,64.2
student_17,c07,2026-08-18 19:18:00,1,27.9
student_17,c05,2026-08-18 19:18:00,1,56.6
student_17,c17,2026-08-18 19:19:00,0,94.5
student_17,c07,2026-08-18 19:21:00,0,51.1
student_17,c24,2026-08-18 19:22:00,0,59.4
student_12,c04,2026-08-18 21:50:00,0,43.1
student_12,c01,2026-08-18 21:50:00,1,40.7
student_12,c04,2026-08-18 21:54:00,0,43.4
student_08,c11,2026-08-18 23:22:00,1,45.8
student_08,c01,2026-08-18 23:22:00,1,30.5
student_08,c01,2026-08-18 23:24:00,1,35.7
student_01,c24,2026-08-19 01:06:00,0,69.1
student_01,c01,2026-08-19 01:06:00,1,45.9
student_01,c02,2026-08-19 01:06:00,1,36.4
student_01,c24,2026-08-19 01:09:00,0,54.4
student_01,c01,2026-08-19 01:09:00,1,50.2
student_01,c02,2026-08-19 01:09:00,1,30.4
student_01,c02,2026-08-19 01:13:00,1,35.7
student_09,c07,2026-08-19 04:22:00,1,43.8
student_09,c09,2026-08-19 04:22:00,1,55.1
student_03,c18,2026-08-19 04:23:00,0,99.0
student_09,c08,2026-08-19 04:23:00,0,66.2
student_09,c14,2026-08-19 04:23:00,0,45.1
student_03,c22,2026-08-19 04:24:00,1,44.0
student_03,c06,2026-08-19 04:24:00,1,44.0
student_09,c14,2026-08-19 04:25:00,0,61.2
student_09,c07,2026-08-19 04:26:00,0,61.4
student_09,c09,2026-08-19 04:26:00,1,58.4
student_03,c18,2026-08-19 04:27:00,0,68.5
student_03,c06,2026-08-19 04:27:00,1,27.4
student_03,c06,2026-08-19 04:29:00,1,31.3
student_09,c07,2026-08-19 04:29:00,1,41.3
student_11,c17,2026-08-19 18:58:00,0,58.0
student_04,c02,2026-08-19 19:48:00,1,34.8
student_04,c04,2026-08-19 19:48:00,1,39.7
student_04,c03,2026-08-19 19:49:00,0,30.2
student_04,c03,2026-08-19 19:51:00,1,38.0
student_04,c04,2026-08-19 19:51:00,0,57.9
student_01,c04,2026-08-19 20:17:00,0,81.0
student_01,c20,2026-08-19 20:18:00,0,84.8
student_01,c03,2026-08-19 20:18:00,1,41.7
student_01,c03,2026-08-19 20:20:00,1,27.0
student_01,c03,2026-08-19 20:23:00,1,38.3
student_13,c19,2026-08-20 00:23:00,0,61.5
student_13,c02,2026-08-20 00:23:00,1,49.2
student_13,c19,2026-08-20 00:25:00,1,51.7
student_02,c05,2026-08-20 00:29:00,0,20.4
student_02,c02,2026-08-20 00:30:00,1,40.5
student_02,c02,2026-08-20 00:33:00,1,37.6
student_05,c20,2026-08-20 02:58:00,0,53.1
student_05,c14,2026-08-20 02:59:00,0,84.6
student_05,c02,2026-08-20 02:59:00,1,36.5
student_03,c07,2026-08-20 04:38:00,1,53.5
student_03,c16,2026-08-20 04:39:00,1,37.7
student_03,c17,2026-08-20 04:39:00,1,57.1
student_03,c17,2026-08-20 04:41:00,0,60.3
student_03,c17,2026-08-20 04:44:00,0,87.3
student_16,c14,2026-08-20 05:34:00,1,46.9
student_19,c04,2026-08-20 05:50:00,1,42.8
student_19,c16,2026-08-20 05:51:00,1,54.8
student_19,c16,2026-08-20 05:53:00,1,60.6
student_15,c19,2026-08-20 06:01:00,1,46.9
student_08,c06,2026-08-20 06:39:00,1,36.5
student_08,c19,2026-08-20 06:40:00,0,59.9
student_08,c20,2026-08-20 06:40:00,1,49.8
student_08,c09,2026-08-20 06:40:00,1,36.3
student_08,c19,2026-08-20 06:42:00,1,38.8
student_08,c06,2026-08-20 06:42:00,1,35.4
student_08,c09,2026-08-20 06:42:00,1,46.2
student_08,c19,2026-08-20 06:46:00,0,65.5
student_08,c09,2026-08-20 06:46:00,0,61.1
student_14,c23,2026-08-20 06:52:00,0,38.3
student_14,c23,2026-08-20 06:55:00,0,92.4
student_13,c16,2026-08-20 18:04:00,0,81.0
student_13,c02,2026-08-20 18:04:00,1,50.1
student_13,c08,2026-08-20 18:04:00,1,31.5
student_13,c16,2026-08-20 18:07:00,0,58.1
student_13,c08,2026-08-20 18:07:00,1,44.0
student_13,c02,2026-08-20 18:08:00,1,27.5
student_03,c06,2026-08-20 21:49:00,1,40.9
student_03,c16,2026-08-20 21:49:00,1,69.8
student_19,c06,2026-08-20 21:49:00,0,47.2
student_19,c12,2026-08-20 21:49:00,1,47.1
student_19,c05,2026-08-20 21:50:00,1,40.4
student_03,c06,2026-08-20 21:53:00,1,15.7
student_19,c12,2026-08-20 21:53:00,1,24.9
student_19,c12,2026-08-20 21:55:00,1,49.4
student_11,c24,2026-08-20 22:09:00,0,73.8
student_11,c09,2026-08-20 22:09:00,0,55.7
student_11,c24,2026-08-20 22:11:00,0,79.2
student_11,c09,2026-08-20 22:12:00,0,76.0
student_11,c09,2026-08-20 22:14:00,1,40.5
student_10,c12,2026-08-21 00:34:00,0,42.6
student_10,c04,2026-08-21 00:34:00,1,42.9
student_02,c19,2026-08-21 02:15:00,0,50.0
student_02,c20,2026-08-21 02:16:00,0,85.9
student_02,c19,2026-08-21 02:19:00,0,78.2
student_02,c19,2026-08-21 02:22:00,0,61.1
student_14,c12,2026-08-21 02:50:00,1,36.0
student_14,c07,2026-08-21 02:50:00,0,60.8
student_14,c12,2026-08-21 02:53:00,1,57.7
student_14,c12,2026-08-21 02:57:00,1,44.6
student_08,c15,2026-08-21 04:03:00,0,83.0
student_08,c05,2026-08-21 04:03:00,1,34.5
student_08,c11,2026-08-21 04:04:00,1,43.1
student_08,c11,2026-08-21 04:07:00,1,57.1
student_08,c05,2026-08-21 04:07:00,1,46.7
student_08,c11,2026-08-21 04:09:00,0,46.4
student_20,c03,2026-08-21 05:54:00,1,40.1
student_20,c12,2026-08-21 05:54:00,0,64.4
student_20,c01,2026-08-21 05:55:00,1,35.4
student_19,c22,2026-08-21 18:14:00,0,51.3
student_19,c12,2026-08-21 18:15:00,1,43.8
student_14,c05,2026-08-21 19:40:00,1,37.8
student_14,c23,2026-08-21 19:40:00,1,43.3
student_14,c08,2026-08-21 19:40:00,0,102.6
student_14,c05,2026-08-21 19:42:00,0,44.6
student_14,c23,2026-08-21 19:42:00,1,41.0
student_08,c02,2026-08-21 19:56:00,1,47.9
student_08,c22,2026-08-21 19:56:00,1,59.2
student_08,c07,2026-08-21 19:56:00,1,51.2
student_08,c05,2026-08-21 19:57:00,1,41.1
student_08,c22,2026-08-21 20:00:00,1,52.6
student_17,c02,2026-08-21 20:33:00,1,49.6
student_17,c14,2026-08-21 20:33:00,1,48.9
student_17,c14,2026-08-21 20:37:00,0,48.5
student_05,c10,2026-08-21 20:39:00,1,57.7
student_05,c11,2026-08-21 20:40:00,0,46.2
student_05,c02,2026-08-21 20:40:00,1,46.5
student_17,c14,2026-08-21 20:40:00,0,39.8
student_11,c01,2026-08-21 23:27:00,1,21.9
student_11,c10,2026-08-21 23:28:00,0,71.3
student_11,c01,2026-08-21 23:31:00,1,43.4
student_01,c24,2026-08-21 23:40:00,1,44.2
student_01,c24,2026-08-21 23:43:00,1,46.2
student_18,c06,2026-08-21 23:53:00,1,32.4
student_18,c06,2026-08-21 23:57:00,1,31.5
student_18,c06,2026-08-22 00:00:00,1,26.2
student_09,c02,2026-08-22 00:47:00,1,37.2
student_09,c04,2026-08-22 00:47:00,0,41.3
student_09,c12,2026-08-22 00:48:00,0,59.0
student_09,c11,2026-08-22 00:48:00,1,39.1
student_09,c11,2026-08-22 00:50:00,1,30.3
student_09,c12,2026-08-22 00:51:00,1,41.2
student_02,c15,2026-08-22 02:31:00,1,41.9
student_02,c05,2026-08-22 02:32:00,0,44.3
student_02,c05,2026-08-22 02:34:00,1,39.1
student_02,c05,2026-08-22 02:38:00,1,58.1
student_16,c03,2026-08-22 03:37:00,1,43.4
student_13,c06,2026-08-22 05:06:00,0,47.0
student_13,c13,2026-08-22 05:07:00,1,42.0
student_13,c13,2026-08-22 05:09:00,0,76.4
student_20,c05,2026-08-22 06:19:00,0,64.8
student_20,c06,2026-08-22 06:20:00,0,54.8
student_20,c02,2026-08-22 06:20:00,1,43.4
student_20,c05,2026-08-22 06:22:00,1,54.3
student_12,c15,2026-08-22 06:23:00,1,41.5
student_12,c13,2026-08-22 06:23:00,0,44.6
student_12,c04,2026-08-22 06:24:00,1,42.3
student_19,c12,2026-08-22 18:44:00,1,51.1
student_19,c24,2026-08-22 18:45:00,1,61.3
student_19,c20,2026-08-22 18:45:00,0,60.4
student_19,c19,2026-08-22 18:45:00,1,37.5
student_19,c19,2026-08-22 18:48:00,0,87.0
student_15,c04,2026-08-22 18:50:00,1,32.5
student_15,c09,2026-08-22 18:50:00,0,67.8
student_15,c13,2026-08-22 18:50:00,0,48.0
student_15,c05,2026-08-22 18:50:00,1,43.1
student_15,c04,2026-08-22 18:53:00,1,30.1
student_15,c13,2026-08-22 18:53:00,0,79.4
student_15,c09,2026-08-22 18:54:00,1,34.1
student_18,c12,2026-08-22 19:12:00,0,30.7
student_18,c22,2026-08-22 19:13:00,0,89.4
student_18,c12,2026-08-22 19:16:00,0,58.2
student_18,c12,2026-08-22 19:18:00,0,62.0
student_14,c12,2026-08-22 20:18:00,1,44.3
student_14,c03,2026-08-22 20:19:00,1,35.1
student_12,c23,2026-08-22 20:49:00,0,53.4
student_12,c12,2026-08-22 20:50:00,0,59.0
student_12,c11,2026-08-22 20:50:00,0,52.2
student_12,c14,2026-08-22 20:50:00,0,58.7
student_12,c14,2026-08-22 20:53:00,1,50.4
student_12,c14,2026-08-22 20:55:00,0,74.7
student_11,c10,2026-08-22 21:23:00,1,48.6
student_11,c19,2026-08-22 21:23:00,1,39.2
student_11,c09,2026-08-22 21:24:00,1,36.7
student_11,c14,2026-08-22 21:24:00,1,51.6
student_11,c09,2026-08-22 21:26:00,1,47.4
student_11,c19,2026-08-22 21:26:00,0,96.2
student_11,c14,2026-08-22 21:27:00,0,59.1
student_11,c19,2026-08-22 21:29:00,1,62.8
student_07,c11,2026-08-22 21:50:00,0,86.7
student_13,c13,2026-08-22 22:22:00,1,63.6
student_13,c04,2026-08-22 22:22:00,1,36.0
student_13,c22,2026-08-22 22:23:00,0,84.5
student_13,c04,2026-08-22 22:25:00,1,57.2
student_08,c13,2026-08-23 06:32:00,0,77.2
student_08,c06,2026-08-23 06:32:00,1,20.9
student_08,c16,2026-08-23 06:32:00,0,88.1
student_08,c15,2026-08-23 06:32:00,1,64.2
student_16,c06,2026-08-23 06:47:00,1,25.3
student_16,c07,2026-08-23 06:47:00,0,61.2
student_16,c14,2026-08-23 06:47:00,1,46.6
student_02,c19,2026-08-23 18:56:00,0,62.2
student_02,c07,2026-08-23 18:56:00,0,50.7
student_02,c20,2026-08-23 18:57:00,1,58.8
student_02,c07,2026-08-23 18:59:00,1,33.4
student_10,c09,2026-08-23 19:16:00,0,35.1
student_10,c08,2026-08-23 19:16:00,0,64.3
student_10,c02,2026-08-23 19:16:00,0,56.2
student_10,c02,2026-08-23 19:18:00,1,46.7
student_10,c09,2026-08-23 19:19:00,0,36.3
student_20,c05,2026-08-23 19:57:00,0,35.5
student_20,c08,2026-08-23 19:57:00,0,61.0
student_20,c02,2026-08-23 19:58:00,0,38.6
student_20,c02,2026-08-23 20:00:00,0,28.5
student_20,c02,2026-08-23 20:04:00,0,6.1
student_14,c12,2026-08-23 21:00:00,1,47.7
student_14,c04,2026-08-23 21:01:00,0,46.9
student_03,c08,2026-08-23 21:02:00,1,39.9
student_03,c12,2026-08-23 21:02:00,1,37.8
student_03,c23,2026-08-23 21:03:00,0,57.9
student_14,c12,2026-08-23 21:04:00,1,44.1
student_03,c23,2026-08-23 21:06:00,0,50.3
student_03,c12,2026-08-23 21:06:00,1,52.2
student_03,c12,2026-08-23 21:09:00,1,65.5
student_08,c11,2026-08-23 22:25:00,1,41.6
student_08,c05,2026-08-23 22:26:00,0,38.7
student_08,c05,2026-08-23 22:28:00,1,49.3
student_08,c11,2026-08-23 22:29:00,1,42.5
student_08,c05,2026-08-23 22:31:00,0,82.9
student_19,c01,2026-08-24 00:09:00,0,23.6
student_19,c02,2026-08-24 00:10:00,1,28.5
student_19,c01,2026-08-24 00:12:00,1,19.1
student_19,c02,2026-08-24 00:13:00,1,34.9
student_05,c05,2026-08-24 01:33:00,0,48.7
student_05,c20,2026-08-24 01:34:00,0,38.1
student_11,c02,2026-08-24 01:57:00,1,26.6
student_13,c08,2026-08-24 22:24:00,1,46.3
student_13,c20,2026-08-24 22:25:00,0,80.0
student_13,c09,2026-08-24 22:25:00,1,30.0
student_12,c22,2026-08-24 23:03:00,1,26.0
student_12,c01,2026-08-24 23:03:00,1,39.5
student_07,c24,2026-08-24 23:11:00,0,113.9
student_07,c16,2026-08-24 23:11:00,0,73.2
student_07,c16,2026-08-24 23:13:00,0,96.2
student_18,c21,2026-08-25 02:03:00,0,55.1
student_18,c15,2026-08-25 02:03:00,0,76.6
student_18,c21,2026-08-25 02:06:00,1,56.8
student_09,c09,2026-08-25 02:11:00,1,52.4
student_09,c10,2026-08-25 02:11:00,0,69.9
student_09,c15,2026-08-25 02:12:00,0,65.2
student_09,c15,2026-08-25 02:15:00,0,74.1
student_09,c10,2026-08-25 02:15:00,1,43.2
student_17,c24,2026-08-25 03:06:00,0,53.8
student_17,c03,2026-08-25 03:06:00,1,38.7
student_17,c16,2026-08-25 03:07:00,1,47.4
student_19,c02,2026-08-25 03:09:00,1,35.8
student_17,c16,2026-08-25 03:10:00,0,75.8
student_19,c13,2026-08-25 03:10:00,1,21.8
student_19,c02,2026-08-25 03:12:00,1,41.2
student_06,c03,2026-08-25 05:26:00,0,32.8
student_06,c15,2026-08-25 05:27:00,0,71.9
student_06,c01,2026-08-25 05:27:00,1,23.0
student_01,c08,2026-08-25 05:57:00,1,43.9
student_01,c14,2026-08-25 05:57:00,0,45.6
student_11,c16,2026-08-25 06:08:00,0,103.6
student_11,c13,2026-08-25 06:09:00,1,50.5
student_11,c16,2026-08-25 06:11:00,0,60.1
student_11,c16,2026-08-25 06:15:00,1,58.7
student_02,c12,2026-08-25 06:20:00,0,65.3
student_02,c10,2026-08-25 06:20:00,0,36.5
student_02,c10,2026-08-25 06:23:00,0,98.2
student_17,c02,2026-08-25 21:09:00,0,51.5
student_18,c23,2026-08-25 21:40:00,1,40.3
student_18,c23,2026-08-25 21:42:00,0,97.8
student_03,c04,2026-08-25 21:47:00,1,28.1
student_03,c12,2026-08-25 21:47:00,1,58.2
student_05,c20,2026-08-25 21:47:00,0,62.5
student_05,c04,2026-08-25 21:47:00,1,36.6
student_03,c04,2026-08-25 21:50:00,1,25.7
student_16,c04,2026-08-25 22:50:00,1,45.4
student_16,c04,2026-08-25 22:53:00,1,40.3
student_07,c21,2026-08-25 23:53:00,0,58.5
student_09,c14,2026-08-26 00:11:00,1,38.7
student_09,c07,2026-08-26 00:12:00,1,40.5
student_09,c07,2026-08-26 00:14:00,1,55.2
student_20,c10,2026-08-26 01:13:00,0,60.2
student_20,c04,2026-08-26 01:13:00,1,38.3
student_20,c10,2026-08-26 01:15:00,0,82.9
student_20,c10,2026-08-26 01:18:00,0,68.2
student_13,c23,2026-08-26 01:31:00,0,82.8
student_13,c08,2026-08-26 01:31:00,0,97.7
student_13,c08,2026-08-26 01:35:00,1,37.4
student_13,c08,2026-08-26 01:37:00,1,35.3
student_15,c21,2026-08-26 02:19:00,0,46.6
student_15,c11,2026-08-26 02:19:00,1,32.2
student_15,c11,2026-08-26 02:22:00,1,44.4
student_15,c21,2026-08-26 02:23:00,0,70.0
student_11,c12,2026-08-26 02:58:00,1,38.8
student_11,c01,2026-08-26 02:59:00,1,18.2
student_11,c01,2026-08-26 03:01:00,1,49.0
student_11,c01,2026-08-26 03:04:00,1,17.2
student_12,c06,2026-08-26 04:19:00,0,13.9
student_12,c14,2026-08-26 04:19:00,1,62.7
student_12,c14,2026-08-26 04:22:00,1,39.0
student_02,c20,2026-08-26 05:11:00,1,58.7
student_02,c24,2026-08-26 05:11:00,1,47.8
student_02,c20,2026-08-26 05:14:00,1,46.2
student_02,c24,2026-08-26 05:14:00,0,53.1
student_10,c06,2026-08-26 05:16:00,0,34.4
student_10,c24,2026-08-26 05:16:00,0,89.7
student_10,c21,2026-08-26 05:16:00,0,5.0
student_10,c06,2026-08-26 05:20:00,1,63.8
student_10,c24,2026-08-26 05:20:00,0,61.8
student_10,c06,2026-08-26 05:22:00,1,40.5
student_04,c10,2026-08-26 06:34:00,0,55.9
student_04,c10,2026-08-26 06:37:00,0,48.6
student_19,c14,2026-08-26 18:33:00,1,45.6
student_19,c17,2026-08-26 18:34:00,1,52.7
student_18,c09,2026-08-26 20:12:00,1,45.7
student_18,c14,2026-08-26 20:13:00,0,96.3
student_03,c16,2026-08-27 00:29:00,1,56.9
student_03,c23,2026-08-27 00:30:00,0,58.0
student_03,c23,2026-08-27 00:32:00,0,45.8
student_15,c19,2026-08-27 02:27:00,1,57.9
student_15,c24,2026-08-27 02:27:00,0,20.8
student_11,c09,2026-08-27 03:21:00,1,48.0
student_11,c17,2026-08-27 03:21:00,1,65.2
student_11,c01,2026-08-27 03:21:00,0,51.2
student_11,c20,2026-08-27 03:21:00,1,53.0
student_11,c20,2026-08-27 03:23:00,1,38.6
student_08,c12,2026-08-27 05:23:00,0,63.0
student_08,c24,2026-08-27 05:24:00,0,95.7
student_08,c24,2026-08-27 05:26:00,0,98.5
student_08,c12,2026-08-27 05:26:00,1,28.5
student_13,c02,2026-08-27 19:19:00,1,45.6
student_13,c02,2026-08-27 19:22:00,0,70.1
student_13,c02,2026-08-27 19:24:00,1,23.3
student_01,c02,2026-08-27 19:28:00,1,30.4
student_01,c05,2026-08-27 19:29:00,1,23.8
student_01,c21,2026-08-27 19:29:00,0,36.6
student_01,c21,2026-08-27 19:31:00,1,49.5
student_01,c05,2026-08-27 19:32:00,0,72.8
student_09,c03,2026-08-27 21:36:00,1,46.4
student_09,c08,2026-08-27 21:37:00,1,35.5
student_09,c09,2026-08-27 21:37:00,1,39.1
student_09,c02,2026-08-27 21:37:00,1,40.0
student_09,c08,2026-08-27 21:39:00,0,98.1
student_09,c03,2026-08-27 21:39:00,1,29.8
student_09,c02,2026-08-27 21:39:00,1,28.4
student_09,c09,2026-08-27 21:40:00,0,72.4
student_08,c04,2026-08-27 22:16:00,1,22.4
student_08,c03,2026-08-27 22:16:00,0,54.9
student_08,c06,2026-08-27 22:17:00,1,41.2
student_08,c01,2026-08-27 22:17:00,1,42.7
student_08,c06,2026-08-27 22:19:00,1,40.9
student_08,c01,2026-08-27 22:20:00,1,31.3
student_08,c04,2026-08-27 22:20:00,0,49.2
student_08,c04,2026-08-27 22:23:00,1,45.8
student_12,c11,2026-08-27 22:40:00,0,70.1
student_12,c01,2026-08-27 22:40:00,1,35.8
student_12,c16,2026-08-27 22:41:00,0,90.0
student_12,c01,2026-08-27 22:43:00,1,34.8
student_04,c09,2026-08-27 23:43:00,0,28.3
student_04,c01,2026-08-27 23:43:00,1,40.9
student_04,c01,2026-08-27 23:46:00,1,54.7
student_04,c09,2026-08-27 23:47:00,0,47.0
student_18,c20,2026-08-28 00:44:00,0,68.8
student_18,c22,2026-08-28 00:45:00,0,61.4
student_18,c13,2026-08-28 00:45:00,0,61.7
student_18,c20,2026-08-28 00:47:00,1,52.5
student_18,c13,2026-08-28 00:48:00,1,31.4
student_15,c21,2026-08-28 02:33:00,1,37.9
student_15,c21,2026-08-28 02:35:00,1,33.3
student_03,c07,2026-08-28 03:08:00,1,41.4
student_03,c20,2026-08-28 03:08:00,0,55.8
student_03,c16,2026-08-28 03:09:00,0,88.2
student_19,c01,2026-08-28 05:32:00,1,35.0
student_19,c11,2026-08-28 05:32:00,1,40.6
student_19,c12,2026-08-28 05:33:00,1,43.0
student_19,c11,2026-08-28 05:35:00,1,54.1
student_19,c12,2026-08-28 05:36:00,1,54.0
student_17,c05,2026-08-28 18:26:00,1,53.3
student_17,c03,2026-08-28 18:26:00,1,39.8
student_17,c05,2026-08-28 18:29:00,1,45.9
student_03,c19,2026-08-28 18:43:00,0,70.5
student_03,c19,2026-08-28 18:46:00,0,80.0
student_18,c17,2026-08-28 18:57:00,1,57.0
student_18,c23,2026-08-28 18:57:00,1,47.1
student_18,c12,2026-08-28 18:57:00,1,41.8
student_18,c23,2026-08-28 19:00:00,0,52.8
student_11,c05,2026-08-28 20:46:00,1,38.7
student_11,c03,2026-08-28 20:46:00,1,36.3
student_11,c14,2026-08-28 20:47:00,0,45.0
student_11,c05,2026-08-28 20:49:00,0,48.4
student_11,c14,2026-08-28 20:49:00,0,24.1
student_01,c21,2026-08-28 22:38:00,1,37.3
student_01,c24,2026-08-28 22:38:00,0,59.5
student_04,c05,2026-08-29 00:33:00,0,88.7
student_06,c21,2026-08-29 01:40:00,1,32.7
student_06,c03,2026-08-29 01:40:00,0,49.2
student_06,c21,2026-08-29 01:44:00,0,70.0
student_06,c03,2026-08-29 01:44:00,1,28.2
student_20,c12,2026-08-29 02:21:00,0,33.5
student_20,c10,2026-08-29 02:21:00,0,64.7
student_20,c04,2026-08-29 02:21:00,1,41.6
student_15,c22,2026-08-29 03:13:00,1,50.5
student_15,c19,2026-08-29 03:13:00,0,89.3
student_15,c11,2026-08-29 03:14:00,1,46.1
student_15,c22,2026-08-29 03:16:00,1,57.9
student_15,c19,2026-08-29 03:17:00,1,40.6
student_15,c11,2026-08-29 03:17:00,0,55.1
student_05,c09,2026-08-29 04:58:00,1,37.8
student_05,c10,2026-08-29 04:59:00,1,48.2
student_05,c10,2026-08-29 05:01:00,1,54.8
student_05,c09,2026-08-29 05:01:00,0,68.6
student_08,c14,2026-08-29 05:27:00,1,47.0
student_08,c06,2026-08-29 05:27:00,1,39.5
student_08,c12,2026-08-29 05:27:00,0,45.3
student_14,c21,2026-08-29 07:00:00,1,22.3
student_14,c03,2026-08-29 07:00:00,1,25.9
student_14,c11,2026-08-29 07:00:00,1,42.6
student_14,c06,2026-08-29 07:00:00,1,44.1
student_14,c06,2026-08-29 07:03:00,1,49.6
student_14,c08,2026-08-29 18:31:00,1,25.9
student_14,c06,2026-08-29 18:32:00,1,34.6
student_14,c07,2026-08-29 18:32:00,1,34.0
student_19,c22,2026-08-29 19:25:00,0,73.7
student_19,c05,2026-08-29 19:26:00,1,53.2
student_19,c08,2026-08-29 19:26:00,0,45.3
student_19,c08,2026-08-29 19:29:00,1,38.3
student_19,c22,2026-08-29 19:29:00,0,41.6
student_19,c22,2026-08-29 19:32:00,1,66.4
student_01,c01,2026-08-29 20:37:00,1,38.1
student_06,c15,2026-08-30 00:18:00,0,33.3
student_06,c16,2026-08-30 00:18:00,1,58.2
student_06,c15,2026-08-30 00:22:00,0,59.6
student_18,c12,2026-08-30 01:31:00,1,53.9
student_18,c12,2026-08-30 01:35:00,1,58.7
student_05,c10,2026-08-30 06:20:00,1,51.3
student_05,c10,2026-08-30 06:22:00,1,49.8
student_04,c07,2026-08-30 06:37:00,0,46.0
student_04,c10,2026-08-30 06:38:00,0,92.2
student_04,c10,2026-08-30 06:41:00,1,37.0
student_04,c10,2026-08-30 06:43:00,0,66.8
student_05,c24,2026-08-30 18:07:00,0,53.6
student_05,c24,2026-08-30 18:09:00,0,97.0
student_05,c24,2026-08-30 18:13:00,0,93.3
student_16,c21,2026-08-30 20:45:00,0,28.6
student_16,c02,2026-08-30 20:46:00,1,52.6
student_16,c21,2026-08-30 20:48:00,1,42.0
student_03,c06,2026-08-30 22:18:00,1,41.6
student_03,c06,2026-08-30 22:21:00,1,51.6
student_03,c06,2026-08-30 22:23:00,1,50.0
student_15,c20,2026-08-30 23:18:00,1,76.9
student_15,c13,2026-08-30 23:19:00,1,49.5
student_15,c15,2026-08-30 23:19:00,0,110.6
student_15,c07,2026-08-30 23:19:00,1,52.3
student_15,c15,2026-08-30 23:21:00,0,81.9
student_15,c20,2026-08-30 23:21:00,1,44.1
student_15,c20,2026-08-30 23:24:00,0,32.2
student_10,c12,2026-08-30 23:36:00,1,30.5
student_10,c20,2026-08-30 23:36:00,1,46.7
student_08,c03,2026-08-31 00:29:00,1,51.2
student_08,c22,2026-08-31 00:30:00,1,47.3
student_08,c06,2026-08-31 00:30:00,1,38.0
student_14,c09,2026-08-31 00:38:00,0,53.0
student_14,c08,2026-08-31 00:38:00,0,59.2
student_14,c09,2026-08-31 00:42:00,1,15.4
student_06,c03,2026-08-31 00:58:00,1,34.2
student_06,c04,2026-08-31 00:58:00,1,51.3
student_06,c06,2026-08-31 00:58:00,0,36.3
student_06,c09,2026-08-31 00:59:00,0,41.6
student_06,c04,2026-08-31 01:01:00,0,46.4
student_06,c09,2026-08-31 01:02:00,0,77.6
student_06,c04,2026-08-31 01:05:00,0,41.5
student_13,c08,2026-08-31 01:13:00,1,41.7
student_01,c11,2026-08-31 01:22:00,1,41.1
student_01,c22,2026-08-31 01:23:00,0,47.7
student_01,c11,2026-08-31 01:25:00,1,37.8
student_01,c22,2026-08-31 01:25:00,1,48.6
student_17,c20,2026-08-31 03:27:00,1,61.1
student_17,c13,2026-08-31 03:27:00,1,51.2
student_19,c14,2026-08-31 03:33:00,0,73.8
student_19,c04,2026-08-31 03:34:00,1,36.3
student_19,c14,2026-08-31 03:36:00,0,53.6
student_19,c04,2026-08-31 03:37:00,1,43.8
student_19,c14,2026-08-31 03:39:00,1,46.4
student_07,c14,2026-08-31 04:10:00,0,75.3
student_07,c10,2026-08-31 04:11:00,0,56.4
student_07,c14,2026-08-31 04:13:00,0,70.9
student_07,c10,2026-08-31 04:14:00,0,81.7
student_07,c14,2026-08-31 04:17:00,0,43.7
student_12,c05,2026-08-31 06:41:00,1,37.1
student_12,c09,2026-08-31 06:42:00,0,51.9
student_19,c22,2026-08-31 18:14:00,0,55.3
student_19,c01,2026-08-31 18:14:00,0,61.1
student_19,c03,2026-08-31 18:14:00,1,43.2
student_19,c03,2026-08-31 18:17:00,1,31.9
student_01,c10,2026-08-31 19:19:00,0,67.8
student_01,c20,2026-08-31 19:20:00,0,80.4
student_01,c10,2026-08-31 19:23:00,1,65.6
student_01,c10,2026-08-31 19:25:00,1,49.8
student_17,c11,2026-08-31 20:17:00,0,62.5
student_17,c05,2026-08-31 20:18:00,1,37.3
student_17,c05,2026-08-31 20:20:00,1,29.1
student_17,c05,2026-08-31 20:23:00,1,39.9
student_03,c15,2026-08-31 20:43:00,0,61.4
student_03,c20,2026-08-31 20:44:00,1,57.1
student_16,c13,2026-08-31 23:40:00,0,62.8
student_16,c09,2026-08-31 23:41:00,0,51.1
student_16,c09,2026-08-31 23:43:00,1,19.4
student_16,c13,2026-08-31 23:44:00,0,48.9
student_07,c05,2026-09-01 01:44:00,1,47.6
student_07,c16,2026-09-01 01:45:00,0,57.1
student_07,c17,2026-09-01 01:45:00,1,46.1
student_07,c05,2026-09-01 01:48:00,1,43.7
student_07,c16,2026-09-01 01:48:00,0,78.4
student_07,c17,2026-09-01 01:48:00,1,42.0
student_07,c16,2026-09-01 01:50:00,0,73.6
student_15,c08,2026-09-01 03:11:00,0,45.2
student_15,c24,2026-09-01 03:12:00,1,47.6
student_15,c08,2026-09-01 03:15:00,0,69.3
student_15,c08,2026-09-01 03:18:00,0,55.5
student_11,c09,2026-09-01 04:04:00,1,29.0
student_11,c17,2026-09-01 04:05:00,1,40.5
student_11,c05,2026-09-01 04:05:00,1,40.6
student_11,c05,2026-09-01 04:07:00,1,21.9
student_11,c09,2026-09-01 04:08:00,1,36.6
student_05,c15,2026-09-01 05:30:00,1,60.9
student_05,c16,2026-09-01 05:31:00,0,49.8
student_05,c16,2026-09-01 05:34:00,0,89.0
student_05,c16,2026-09-01 05:37:00,0,91.6
student_13,c23,2026-09-01 05:45:00,0,44.0
student_08,c01,2026-09-01 06:04:00,0,35.5
student_08,c13,2026-09-01 06:04:00,0,53.8
student_08,c13,2026-09-01 06:06:00,0,54.8
student_08,c01,2026-09-01 06:07:00,1,25.8
student_09,c11,2026-09-01 06:46:00,0,76.0
student_09,c20,2026-09-01 06:47:00,0,38.4
student_09,c24,2026-09-01 06:47:00,1,64.7
student_09,c15,2026-09-01 06:47:00,0,62.0
student_09,c20,2026-09-01 06:49:00,0,39.0
student_09,c24,2026-09-01 06:49:00,0,65.8
student_09,c11,2026-09-01 06:49:00,1,56.8
student_09,c11,2026-09-01 06:53:00,1,46.4
student_11,c19,2026-09-01 19:12:00,0,71.9
student_11,c19,2026-09-01 19:16:00,1,46.2
student_18,c14,2026-09-01 20:38:00,0,77.6
student_19,c05,2026-09-01 20:46:00,1,37.6
student_17,c20,2026-09-01 21:47:00,1,44.7
student_17,c03,2026-09-01 21:48:00,1,34.6
student_17,c24,2026-09-01 21:48:00,0,30.9
student_17,c03,2026-09-01 21:50:00,1,44.1
student_17,c24,2026-09-01 21:50:00,0,57.7
student_05,c12,2026-09-01 23:31:00,0,59.8
student_05,c12,2026-09-01 23:35:00,0,60.5
student_15,c09,2026-09-01 23:49:00,0,54.7
student_15,c08,2026-09-01 23:49:00,0,74.1
student_15,c01,2026-09-01 23:49:00,1,20.3
student_15,c08,2026-09-01 23:53:00,1,52.5
student_15,c08,2026-09-01 23:55:00,1,41.3
student_13,c02,2026-09-02 01:28:00,1,33.7
student_13,c02,2026-09-02 01:31:00,1,28.4
student_20,c10,2026-09-02 01:56:00,1,34.8
student_20,c06,2026-09-02 01:57:00,1,18.7
student_20,c04,2026-09-02 01:57:00,1,55.6
student_20,c10,2026-09-02 01:59:00,0,56.2
student_20,c04,2026-09-02 02:00:00,0,51.2
student_01,c12,2026-09-02 02:46:00,1,39.1
student_01,c03,2026-09-02 02:47:00,1,38.0
student_14,c05,2026-09-02 04:38:00,0,49.4
student_14,c02,2026-09-02 04:38:00,1,22.0
student_14,c04,2026-09-02 04:39:00,1,51.6
student_14,c05,2026-09-02 04:41:00,1,36.1
student_14,c02,2026-09-02 04:42:00,1,44.9
student_14,c04,2026-09-02 04:42:00,1,31.0
student_14,c05,2026-09-02 04:44:00,1,31.8
student_02,c08,2026-09-02 06:02:00,1,36.0
student_02,c03,2026-09-02 06:02:00,1,49.3
student_02,c05,2026-09-02 06:02:00,1,38.3
student_02,c03,2026-09-02 06:05:00,1,38.2
student_02,c05,2026-09-02 06:05:00,0,74.0
student_16,c05,2026-09-02 06:43:00,1,26.4
student_16,c05,2026-09-02 06:47:00,0,54.2
student_19,c08,2026-09-02 19:45:00,1,46.7
student_19,c17,2026-09-02 19:45:00,0,73.1
student_19,c15,2026-09-02 19:45:00,1,49.8
student_19,c21,2026-09-02 19:46:00,0,29.1
student_19,c21,2026-09-02 19:48:00,0,47.0
student_19,c17,2026-09-02 19:48:00,0,52.5
student_20,c02,2026-09-02 20:40:00,0,45.8
student_20,c02,2026-09-02 20:43:00,0,50.1
student_20,c02,2026-09-02 20:45:00,0,50.4
student_04,c21,2026-09-02 21:19:00,1,32.2
student_04,c06,2026-09-02 21:19:00,1,34.2
student_04,c02,2026-09-02 21:19:00,0,59.6
student_04,c06,2026-09-02 21:22:00,1,37.4
student_04,c21,2026-09-02 21:23:00,1,33.3
student_17,c03,2026-09-02 21:54:00,1,44.8
student_17,c12,2026-09-02 21:54:00,1,45.9
student_17,c24,2026-09-02 21:54:00,0,48.8
student_17,c03,2026-09-02 21:57:00,1,36.0
student_17,c24,2026-09-02 21:57:00,0,57.8
student_13,c01,2026-09-02 22:57:00,1,27.8
student_13,c22,2026-09-02 22:57:00,0,64.0
student_13,c02,2026-09-02 22:57:00,1,31.5
student_13,c01,2026-09-02 22:59:00,1,16.0
student_13,c02,2026-09-02 23:00:00,1,40.1
student_13,c01,2026-09-02 23:02:00,1,22.1
student_15,c10,2026-09-02 23:15:00,0,67.4
student_10,c14,2026-09-02 23:32:00,1,32.2
student_10,c12,2026-09-02 23:32:00,0,75.3
student_10,c12,2026-09-02 23:36:00,0,37.0
student_10,c12,2026-09-02 23:38:00,1,34.0
student_16,c03,2026-09-03 05:03:00,1,60.0
student_11,c05,2026-09-03 05:16:00,1,47.7
student_11,c07,2026-09-03 05:17:00,1,48.5
student_11,c10,2026-09-03 05:17:00,1,44.9
student_01,c01,2026-09-03 05:41:00,1,19.1
student_01,c01,2026-09-03 05:45:00,1,20.2
student_01,c01,2026-09-03 05:47:00,1,22.7
student_08,c13,2026-09-03 06:08:00,0,48.6
student_08,c05,2026-09-03 06:08:00,1,31.1
student_08,c01,2026-09-03 06:08:00,1,31.0
student_08,c13,2026-09-03 06:10:00,1,38.2
student_03,c04,2026-09-03 06:27:00,1,48.7
student_03,c23,2026-09-03 06:27:00,0,35.5
student_03,c05,2026-09-03 06:28:00,1,54.4
student_03,c04,2026-09-03 06:31:00,1,32.9
student_03,c23,2026-09-03 06:31:00,1,46.4
student_19,c18,2026-09-03 19:11:00,0,67.0
student_19,c05,2026-09-03 19:11:00,1,50.1
student_19,c23,2026-09-03 19:11:00,1,51.2
student_19,c11,2026-09-03 19:11:00,1,29.7
student_19,c05,2026-09-03 19:14:00,1,39.5
student_19,c05,2026-09-03 19:18:00,1,52.0
student_14,c08,2026-09-03 20:15:00,1,44.1
student_15,c14,2026-09-03 20:24:00,1,53.7
student_15,c16,2026-09-03 20:24:00,0,74.5
student_15,c16,2026-09-03 20:27:00,0,72.5
student_15,c14,2026-09-03 20:28:00,0,59.8
student_20,c03,2026-09-03 21:16:00,1,42.2
student_03,c22,2026-09-03 22:42:00,0,61.4
student_03,c17,2026-09-03 22:42:00,0,45.8
student_03,c25,2026-09-03 22:43:00,1,66.7
student_03,c25,2026-09-03 22:45:00,1,38.3
student_03,c22,2026-09-03 22:46:00,0,49.0
student_17,c13,2026-09-03 23:37:00,1,54.7
student_17,c20,2026-09-03 23:37:00,1,47.7
student_17,c17,2026-09-03 23:37:00,0,58.3
student_11,c17,2026-09-03 23:38:00,1,54.6
student_11,c15,2026-09-03 23:39:00,1,37.7
student_11,c21,2026-09-03 23:39:00,1,40.1
student_17,c20,2026-09-03 23:40:00,1,61.0
student_11,c17,2026-09-03 23:42:00,1,24.1
student_11,c21,2026-09-03 23:42:00,1,31.4
student_17,c20,2026-09-03 23:44:00,1,55.5
student_13,c19,2026-09-03 23:50:00,0,24.6
student_13,c16,2026-09-03 23:51:00,1,54.9
student_13,c23,2026-09-03 23:51:00,0,73.5
student_13,c23,2026-09-03 23:53:00,0,41.4
student_13,c19,2026-09-03 23:53:00,0,46.8
student_13,c23,2026-09-03 23:56:00,0,97.2
student_01,c11,2026-09-04 00:56:00,1,34.5
student_01,c06,2026-09-04 00:57:00,1,50.9
student_02,c09,2026-09-04 02:10:00,1,32.3
student_02,c12,2026-09-04 02:10:00,0,75.0
student_02,c24,2026-09-04 02:11:00,1,57.1
student_02,c09,2026-09-04 02:13:00,1,50.2
student_02,c12,2026-09-04 02:13:00,0,32.3
student_05,c21,2026-09-04 02:31:00,0,35.4
student_05,c08,2026-09-04 02:31:00,0,40.5
student_05,c08,2026-09-04 02:33:00,1,37.1
student_05,c21,2026-09-04 02:34:00,1,35.3
student_05,c08,2026-09-04 02:37:00,1,30.6
student_18,c22,2026-09-04 03:26:00,0,54.0
student_18,c05,2026-09-04 03:27:00,0,50.3
student_18,c22,2026-09-04 03:29:00,1,30.4
student_08,c21,2026-09-04 06:48:00,1,41.4
student_08,c16,2026-09-04 06:49:00,0,95.9
student_08,c16,2026-09-04 06:52:00,0,40.9
student_08,c16,2026-09-04 06:54:00,0,96.7
student_11,c05,2026-09-04 19:35:00,1,31.4
student_04,c24,2026-09-04 19:59:00,0,55.5
student_04,c01,2026-09-04 19:59:00,1,42.4
student_04,c13,2026-09-04 19:59:00,1,52.2
student_04,c10,2026-09-04 20:00:00,1,43.8
student_04,c10,2026-09-04 20:02:00,0,42.2
student_04,c24,2026-09-04 20:03:00,0,77.6
student_04,c24,2026-09-04 20:06:00,0,66.3
student_01,c06,2026-09-04 20:16:00,1,33.3
student_01,c23,2026-09-04 20:17:00,1,36.9
student_01,c23,2026-09-04 20:20:00,0,54.5
student_12,c11,2026-09-04 21:15:00,1,27.5
student_12,c10,2026-09-04 21:16:00,0,76.5
student_12,c24,2026-09-04 21:16:00,0,84.3
student_12,c10,2026-09-04 21:18:00,0,77.6
student_12,c11,2026-09-04 21:18:00,0,54.7
student_12,c10,2026-09-04 21:21:00,0,71.5
student_14,c02,2026-09-04 22:02:00,1,41.3
student_14,c02,2026-09-04 22:05:00,1,40.3
student_10,c11,2026-09-04 22:21:00,0,19.3
student_10,c04,2026-09-04 22:21:00,1,50.5
student_10,c04,2026-09-04 22:23:00,1,36.8
student_17,c15,2026-09-04 23:37:00,1,56.5
student_17,c06,2026-09-04 23:37:00,1,31.1
student_07,c19,2026-09-05 00:03:00,1,60.7
student_07,c10,2026-09-05 00:04:00,0,59.3
student_07,c11,2026-09-05 00:04:00,0,70.8
student_07,c10,2026-09-05 00:06:00,1,75.0
student_13,c17,2026-09-05 00:06:00,1,30.3
student_13,c02,2026-09-05 00:06:00,1,35.0
student_13,c19,2026-09-05 00:07:00,1,51.0
student_13,c17,2026-09-05 00:09:00,0,55.5
student_13,c02,2026-09-05 00:09:00,1,19.7
student_13,c19,2026-09-05 00:10:00,1,35.3
student_19,c24,2026-09-05 01:06:00,0,58.0
student_19,c06,2026-09-05 01:06:00,1,21.9
student_19,c07,2026-09-05 01:07:00,1,38.9
student_19,c06,2026-09-05 01:09:00,0,61.0
student_19,c24,2026-09-05 01:10:00,1,53.1
student_19,c07,2026-09-05 01:10:00,0,8.7
student_19,c24,2026-09-05 01:13:00,0,68.6
student_02,c20,2026-09-05 01:55:00,1,53.4
student_02,c04,2026-09-05 01:55:00,1,40.0
student_02,c17,2026-09-05 01:56:00,0,61.8
student_02,c04,2026-09-05 01:58:00,1,37.6
student_02,c20,2026-09-05 01:59:00,1,66.5
student_02,c17,2026-09-05 01:59:00,0,91.0
student_02,c20,2026-09-05 02:02:00,0,56.4
student_16,c08,2026-09-05 02:52:00,1,37.2
student_16,c14,2026-09-05 02:52:00,1,38.9
student_16,c08,2026-09-05 02:55:00,1,40.7
student_16,c08,2026-09-05 02:58:00,1,32.9
student_05,c15,2026-09-05 03:31:00,1,65.2
student_18,c04,2026-09-05 04:36:00,1,37.4
student_09,c24,2026-09-05 05:01:00,0,37.5
student_15,c17,2026-09-05 06:24:00,0,61.3
student_15,c04,2026-09-05 06:24:00,1,39.4
student_15,c17,2026-09-05 06:26:00,0,85.9
student_08,c23,2026-09-05 18:10:00,1,34.1
student_08,c23,2026-09-05 18:13:00,0,41.4
student_08,c23,2026-09-05 18:15:00,1,50.4
student_11,c01,2026-09-05 18:22:00,1,42.2
student_11,c06,2026-09-05 18:22:00,1,30.7
student_11,c14,2026-09-05 18:22:00,1,48.3
student_19,c21,2026-09-05 20:29:00,1,45.3
student_19,c10,2026-09-05 20:29:00,0,70.7
student_15,c14,2026-09-05 21:01:00,0,42.6
student_15,c02,2026-09-05 21:01:00,1,42.7
student_15,c11,2026-09-05 21:01:00,1,45.5
student_15,c11,2026-09-05 21:03:00,1,37.2
student_15,c14,2026-09-05 21:04:00,0,67.1
student_15,c02,2026-09-05 21:04:00,0,30.4
student_15,c14,2026-09-05 21:06:00,1,42.2
student_15,c11,2026-09-05 21:06:00,0,47.3
student_14,c24,2026-09-06 00:51:00,0,40.2
student_14,c03,2026-09-06 00:51:00,0,56.7
student_14,c10,2026-09-06 00:51:00,1,50.5
student_03,c11,2026-09-06 01:56:00,0,29.3
student_03,c08,2026-09-06 01:57:00,0,81.4
student_03,c09,2026-09-06 01:57:00,1,51.6
student_02,c03,2026-09-06 02:23:00,1,49.1
student_02,c17,2026-09-06 02:23:00,0,80.2
student_02,c12,2026-09-06 02:23:00,0,111.7
student_02,c17,2026-09-06 02:26:00,1,48.4
student_16,c13,2026-09-06 03:18:00,0,62.3
student_16,c22,2026-09-06 03:18:00,0,58.3
student_16,c13,2026-09-06 03:21:00,0,40.8
student_09,c12,2026-09-06 04:09:00,0,37.6
student_09,c11,2026-09-06 04:10:00,1,52.5
student_01,c15,2026-09-06 04:22:00,0,62.1
student_01,c15,2026-09-06 04:25:00,1,54.1
student_13,c07,2026-09-06 04:30:00,1,56.3
student_13,c23,2026-09-06 04:30:00,1,62.8
student_13,c01,2026-09-06 04:30:00,1,26.6
student_07,c20,2026-09-06 04:31:00,1,54.4
student_07,c22,2026-09-06 04:32:00,0,75.3
student_13,c23,2026-09-06 04:33:00,1,54.0
student_13,c07,2026-09-06 04:34:00,1,35.2
student_07,c22,2026-09-06 04:35:00,0,55.7
student_13,c23,2026-09-06 04:36:00,1,67.1
student_13,c07,2026-09-06 04:37:00,1,46.6
student_05,c24,2026-09-06 06:53:00,0,87.1
student_05,c02,2026-09-06 06:53:00,1,29.2
student_05,c02,2026-09-06 06:57:00,1,25.7
student_05,c02,2026-09-06 07:00:00,1,31.4
